,source,text,timestamp,compound,positive,negative,neutral,tweet_index
0,BBC,"RT @BBCOne: SO. MUCH. CUTE. ?
#AttenboroughandtheGiantElephant https://t.co/4UyVvh6qBm",Dec/10/2017,0.6915,0.44,0.0,0.56,0
1,BBC,RT @BBCEarth: 'Never before have we had such an awareness of what we are doing to the planet and never before have we had the power to do s…,Dec/10/2017,0.0,0.0,0.0,1.0,1
2,BBC,"?@DuaLipa performing 'Homesick' was a completely stunning way to end this series of #SLFN. ?
Watch in full ?… https://t.co/LgMlMfnv7F",Dec/10/2017,0.4391,0.145,0.0,0.855,2
3,BBC,"RT @BBCEarth: 'What shocks me ...is how fast things are changing here. We’re headed into uncharted territory' - @expeditionlog
#BluePlanet2…",Dec/10/2017,-0.3818,0.0,0.126,0.874,3
4,BBC,"RT @BBCOne: If we don’t act, coral reefs could be gone by the end of this century. ? #BluePlanet2 https://t.co/OdOSKBtz0S",Dec/10/2017,0.0,0.0,0.0,1.0,4
5,BBC,"RT @BBCEarth: In 1986, many nations decided to end commercial whaling, and fishermen are now reporting pods of whales with numbers never se…",Dec/10/2017,0.0,0.0,0.0,1.0,5
6,BBC,"Little things can make a big difference.
#BluePlanet2 via @BBCEarth https://t.co/hyzwA06cNw",Dec/10/2017,0.0,0.0,0.0,1.0,6
7,BBC,"RT @BBCSpringwatch: Manmade materials are destroying #OurBluePlanet - this is how
#BluePlanet2 
https://t.co/sEccQzjv1r https://t.co/7ZmDOz…",Dec/10/2017,-0.5574,0.0,0.231,0.769,7
8,BBC,"RT @BBCEarth: It’s estimated that tens of millions of sharks are killed each year from getting trapped in fishing nets
#BluePlanet2 https:/…",Dec/10/2017,-0.836,0.0,0.283,0.717,8
9,BBC,RT @BBCOne: These are *all* items regurgitated by birds. ? #BluePlanet2 https://t.co/WyFtZHjKjx,Dec/10/2017,0.0,0.0,0.0,1.0,9
10,BBC,"RT @BBCOne: Our rubbish, our responsibility. ? #BluePlanet2 

Find out more about what you can do to help: https://t.co/LiA3x5I2gk. https:/…",Dec/10/2017,0.4019,0.13,0.0,0.87,10
11,BBC,Eight delightful dolphin photos that'll inspire you to help clean up our oceans. #BluePlanet2 ????… https://t.co/PP5l7QrqFP,Dec/10/2017,0.9169,0.518,0.0,0.482,11
12,BBC,"RT @BBCEarth: ‘We’re only now beginning to realise what an impact noise is having on the inhabitants of the ocean’ – David Attenborough
#Bl…",Dec/10/2017,0.0,0.0,0.0,1.0,12
13,BBC,"RT @BBCOne: ""The oceans are under threat now as never ever before in human history."" - Sir David Attenborough. #BluePlanet2 https://t.co/yn…",Dec/10/2017,-0.5267,0.0,0.152,0.848,13
14,BBC,"RT @BBCEarth: The countdown is on! The final episode of #BluePlanet2: Our Blue Planet starts 8pm GMT on @BBCOne, BBC Earth Nordics &amp; @BBCEa…",Dec/10/2017,0.0,0.0,0.0,1.0,14
15,BBC,"RT @BBCSpringwatch: Seven British conservation heroes you should know about - this lot deserve endless ????
#BluePlanet2 #OurBluePlanet 
ht…",Dec/10/2017,0.5106,0.163,0.0,0.837,15
16,BBC,"'Good luck, little leatherback' - Sir David Attenborough ?

#BluePlanet2 | 8PM | @BBCOne https://t.co/vMliWBZFBE",Dec/10/2017,0.7096,0.396,0.0,0.604,16
17,BBC,"'There's a huge bomb up there. I'm 76% sure. It's not like the penguin hostage situation.' ??
#ScotSquad via… https://t.co/x8I92iMImk",Dec/10/2017,-0.1803,0.185,0.213,0.602,17
18,BBC,Miles of cable and thousands of twinkling bulbs have been used to create the longest festive tunnel of light in Eur… https://t.co/C22wpljo2u,Dec/10/2017,0.6249,0.203,0.0,0.797,18
19,BBC,"Tonight, David Attenborough investigates the remarkable story of Jumbo the elephant. Attenborough and the Giant Ele… https://t.co/4NK1B5ZNwr",Dec/10/2017,0.5574,0.184,0.0,0.816,19
20,BBC,"98-year-old Mary wins Christmas, and our hearts. ????
Via @BBCLookNorth. https://t.co/4gOl16THuM",Dec/10/2017,0.5719,0.27,0.0,0.73,20
21,BBC,RT @BBCTwo: Who wants a Sneaky Peak at the next episode of #PeakyBlinders? ? https://t.co/tzCB83ceSS,Dec/10/2017,-0.2263,0.0,0.137,0.863,21
22,BBC,"RT @bbcstories: ""I think people my age think that death is something to be scared of but I think it's like being free and at peace"" - Meet…",Dec/10/2017,0.8765,0.329,0.116,0.555,22
23,BBC,? How to deal with mental health issues in the family. https://t.co/48BOLabkXK https://t.co/7Eh3EjYywg,Dec/10/2017,0.0,0.0,0.0,1.0,23
24,BBC,This 12-year-old has created a cheap way to test lead levels in water using a mobile phone app. ??Via @BBCClick. https://t.co/TWqttOHJX3,Dec/10/2017,0.25,0.1,0.0,0.9,24
25,BBC,?? We've been listening for signs of life from other worlds for decades with little success. But what should we do… https://t.co/e3IETfS8cs,Dec/10/2017,0.5279,0.14,0.0,0.86,25
26,BBC,Thousands of internet users have come together to buy this stunning castle... although it does need a little TLC. ?… https://t.co/qhkNd4HyM5,Dec/10/2017,0.4588,0.136,0.0,0.864,26
27,BBC,"That was unexpected. ?

Michael McIntyre's Big Show via @BBCOne. https://t.co/2QUZXppIbQ",Dec/10/2017,0.0,0.0,0.0,1.0,27
28,BBC,#SkiSunday is back! ?? Join the team in Val D'Isere for the men's slalom. 5:15pm on @BBCTwo. https://t.co/mPdHEuxHOX https://t.co/w3pqO1lCn6,Dec/10/2017,0.3595,0.122,0.0,0.878,28
29,BBC,"? @DanTDM has been named the highest-earning YouTuber of 2017 - making £12.3m this year, according to @Forbes magaz… https://t.co/yVEcwct3Es",Dec/10/2017,0.0,0.0,0.0,1.0,29
30,BBC,"Rebel Wilson reenacts her Pitch Perfect audition and it’s slap-tastic.

The Graham Norton Show | @BBCOne https://t.co/TYszXcf9ZH",Dec/10/2017,0.4767,0.192,0.083,0.725,30
31,BBC,The BBC has made the 1930s issues of the complete Radio Times magazines available online for the first time. ? Chec… https://t.co/aeK8TTggDW,Dec/10/2017,0.0,0.0,0.0,1.0,31
32,BBC,"From Dark, to the return of The Crown &amp; a #DoctorWho Christmas special, here are the TV shows worth watching in Dec… https://t.co/4qq2MlpONj",Dec/10/2017,0.5574,0.187,0.0,0.813,32
33,BBC,"RT @bbcthree: In 2011 BBC Three made a documentary about a boy who defied his bullies. 

Now #EverybodysTalkingAboutJamie again. https://t.…",Dec/10/2017,0.0,0.0,0.0,1.0,33
34,BBC,"'There's ignorance about employment law &amp; people don't want to hear complaints.'
Classical music has a sexual haras… https://t.co/PpdlbV0Gck",Dec/10/2017,-0.4063,0.0,0.189,0.811,34
35,BBC,"'Their birthdays are never easy.' 
Hannah is one of thousands of mums living with PTSD from experiencing traumatic… https://t.co/lPMW5VXHfa",Dec/10/2017,0.0,0.0,0.0,1.0,35
36,BBC,"How do you make puppets fall in love? ????
Puppeteers reveal their techniques. https://t.co/GPNqLrFZit https://t.co/HfB09Yw8ek",Dec/10/2017,0.6369,0.231,0.0,0.769,36
37,BBC,"RT @CBeebiesHQ: He's the disco dancing, geography guide with the moves! ?

@BBCStrictly doesn't know what's hit it! ?

#GoJetters?

#Strict…",Dec/10/2017,0.0,0.0,0.0,1.0,37
38,BBC,"RT @BBCBreakfast: A clairvoyant cat? ? Or a turtle in the know??
Animals in Russia are predicting the outcome of @FIFAWorldCup 2018 https:/…",Dec/10/2017,0.0,0.0,0.0,1.0,38
39,BBC,RT @BBCOne: David Attenborough uncovers the story of Jumbo – a celebrity animal superstar who is said to have inspired the movie Dumbo. Ton…,Dec/10/2017,0.4939,0.132,0.0,0.868,39
40,BBC,Watch @ScottishBallet's incredible interpretations of Stravinsky. https://t.co/NGZuhnKutW https://t.co/vUOkoaJ7mc,Dec/10/2017,0.0,0.0,0.0,1.0,40
41,BBC,? @Time magazine has named 'the Silence Breakers' - women who spoke out against sexual abuse &amp; harassment - as its… https://t.co/roSq8US4Ev,Dec/10/2017,-0.8271,0.0,0.312,0.688,41
42,BBC,RT @BBCWthrWatchers: Some great pics of #UKsnow sent in by the early risers! https://t.co/b9Of6bvvIz,Dec/10/2017,0.6588,0.253,0.0,0.747,42
43,BBC,"RT @BBCR1: ? BIG FESTIVE NEWS ?

We've invited some of your favourite stars to take over Radio 1 on Christmas Day!

Get ready for Superstar…",Dec/10/2017,0.7597,0.237,0.0,0.763,43
44,BBC,"RT @BBCEarth: These orca just want a meal, but they could be risking their lives. ?#BluePlanet2 https://t.co/JeLlETfohs",Dec/10/2017,-0.4215,0.064,0.163,0.773,44
45,BBC,"'Whilst I appreciate the lovely people slowing down, if you see somebody with a guide dog, just drive on. Ziggy's g… https://t.co/CeH3p8geLq",Dec/10/2017,0.7579,0.265,0.0,0.735,45
46,BBC,"‘Why won’t he let me leave?!'
The #BluePlanet2 team had a rather unexpected visitor while filming in the Galapagos.… https://t.co/vvBS7WorXO",Dec/10/2017,0.0,0.0,0.0,1.0,46
47,BBC,"The Greek concept of philoxenia, which translates as ‘love of strangers’, is a warmth that makes foreigners feel im… https://t.co/O3BzC7lUp3",Dec/10/2017,0.4588,0.143,0.0,0.857,47
48,BBC,"A study of nearly 12,000 children in the UK found 25% were overweight or obese at age seven, rising to 35% at 11.… https://t.co/41qA60xnUd",Dec/10/2017,-0.3612,0.0,0.102,0.898,48
49,BBC,"GET EXCITED!! ?????
@Camila_Cabello has set the release date of her debut album Camila for 12 January.… https://t.co/gRtJVD7FEh",Dec/09/2017,0.5743,0.179,0.0,0.821,49
50,BBC,"Have we got five eight-year-olds robbing houses? No! We've got two bams with triplets. ?
#ScotSquad via… https://t.co/HUsw0CjaoY",Dec/09/2017,-0.3595,0.0,0.135,0.865,50
51,BBC,"The history of condoms stretches back around 3,000 years – but they still offer the best protection against STIs.… https://t.co/shw3Jn5og1",Dec/09/2017,0.7783,0.244,0.0,0.756,51
52,BBC,"Sexually frivolous and morally ambiguous. 
Meet pro wrestling’s pansexual phenomenon...????????
Via @BBC5Live. https://t.co/2Asruxhnv8",Dec/09/2017,0.0,0.0,0.0,1.0,52
53,BBC,"RT @BBCWthrWatchers: Ok, so #snow can be a pain ...but wow ? 
We're all feeling just a little more festive after your great efforts today!…",Dec/09/2017,0.8911,0.436,0.096,0.468,53
54,BBC,"RT @bbcthree: YOU'VE BEEN LIVING A LIE.
https://t.co/YUCx48Mv0o",Dec/09/2017,0.0,0.0,0.0,1.0,54
55,BBC,"RT @bbcstories: Do our young men lack positive role models? Davis thought so, so he founded The Manhood Academy. #EverydayHeroes https://t.…",Dec/09/2017,0.3182,0.145,0.092,0.763,55
56,BBC,"RT @BBCEarth: In Cape Verde, @ProjetoBioSal is on a mission to save baby turtles from human impact. ?
#OurBluePlanet w/ @AluciaProd https:/…",Dec/09/2017,0.4939,0.144,0.0,0.856,56
57,BBC,"RT @BBCSpringwatch: Brrr, a chilly one tonight!
Luckily we've some gorgeous grey seals in our advent calendar to warm to cockles of your he…",Dec/09/2017,0.8655,0.36,0.0,0.64,57
58,BBC,"RT @bbcmusic: ?@RagNBoneManUK brought all the feels to #SLFN with his stunning performance of 'As You Are' 
Watch in full ?https://t.co/JmZ…",Dec/09/2017,0.3818,0.115,0.0,0.885,58
59,BBC,30 years of Fairytale of New York: 10 true tales behind the @PoguesOfficial's Christmas favourite. ??… https://t.co/LClO0krtv0,Dec/09/2017,0.4215,0.149,0.0,0.851,59
60,BBC,"Ever wondered what London looked like 2000 years ago? ??
#DiggingForBritain, now on @BBCiPlayer ?… https://t.co/fd74UnWzF4",Dec/09/2017,0.3612,0.143,0.0,0.857,60
61,BBC,"Tonight, @McInTweet is joined by @JasonManford and @TheVampsband. ??? Michael McIntyre's Big Show. 8:20pm on… https://t.co/NW4Y5gYger",Dec/09/2017,0.0,0.0,0.0,1.0,61
62,BBC,"'I know it's not real because I'm surrounded by people eating crisps.' ??
#LiveAtTheApollo via @BBCTwo. https://t.co/1zwUd8oCvi",Dec/09/2017,0.0,0.0,0.0,1.0,62
63,BBC,"Alice is a 26-year-old mum. She's married, she has schizophrenia &amp; she is fed up of being portrayed as 'dangerous'… https://t.co/hy2APiuz5L",Dec/09/2017,0.0,0.0,0.0,1.0,63
64,BBC,Astronomers have discovered the most distant 'supermassive' black hole known to science. ?? https://t.co/OYWmKfE4t4 https://t.co/10PPSeYkT2,Dec/09/2017,0.0,0.0,0.0,1.0,64
65,BBC,Claire Foy talks about what will be her last outing as Britain’s longest serving monarch - and hints at choppy wate… https://t.co/z6WuYfwM3d,Dec/09/2017,0.0,0.0,0.0,1.0,65
66,BBC,"I'm celebrating natural beauty - 'Instagram isn't real life.' @IAmSonnyTurner
These five body positive champions ar… https://t.co/uUr8AHsfgq",Dec/09/2017,0.9517,0.607,0.0,0.393,66
67,BBC,"Could you live with your partner alone in a remote lighthouse for 6 months?
Via @BBCWorldService. https://t.co/7gNRygiGKr",Dec/09/2017,-0.25,0.0,0.125,0.875,67
68,BBC,"? Jack Black’s Jumanji theme tune is the best. ?
Via @BBCOne. https://t.co/bqpYxQ8cot",Dec/09/2017,0.6369,0.296,0.0,0.704,68
69,BBC,Dyslexie is a font that aims to overcome some of the problems that people with dyslexia can have when reading.… https://t.co/d3GZEMdZgc,Dec/09/2017,-0.4019,0.0,0.124,0.876,69
70,BBC,"?? Heard of Terrific Scientific, the BBC’s science campaign for primary pupils? 

If you know a brilliant teacher,… https://t.co/DtpAloo5Fe",Dec/09/2017,0.7845,0.301,0.0,0.699,70
71,BBC,Many coastal communities are already battling the effects of sea level rise - and it's made worse by the fact that… https://t.co/WRpTIDB2e9,Dec/09/2017,-0.6369,0.0,0.215,0.785,71
72,BBC,"Danielle is breaking deaf world records left right &amp; centre. ????
Via @BBCTheSocial. https://t.co/XRlJU7UdU7",Dec/09/2017,0.0,0.0,0.0,1.0,72
73,BBC,Do you feel pressure when giving Christmas gifts? @DrRadhaModgil discusses the psychology of giving &amp; receiving gif… https://t.co/DtkRGlOvdW,Dec/09/2017,0.3818,0.218,0.1,0.682,73
74,BBC,RT @bbcthree: Lynsey is saving condemned dogs and finding them forever homes. https://t.co/aF7j3gaZil,Dec/09/2017,-0.4404,0.0,0.195,0.805,74
75,BBC,"RT @bbcmusic: Nearly seven months later, we look back on the #OneLoveManchester concert staged by @ArianaGrande after the devastating attac…",Dec/09/2017,-0.6486,0.0,0.185,0.815,75
76,BBC,"RT @BBCr4today: If you do one thing today...

Listen to Gaelynn Lea play the violin #r4today https://t.co/nXixd8e8rO",Dec/09/2017,0.34,0.13,0.0,0.87,76
77,BBC,"??? @SJ_Watson was an audiology specialist before penning the international bestseller Before I Go To Sleep. 
5 peo… https://t.co/RqDVSZ8Ntl",Dec/09/2017,0.0,0.0,0.0,1.0,77
78,BBC,"Mason has used his pocket money to fund random acts of kindness this year in memory of his brother, Ross. ??? Via… https://t.co/asKJ9me2MY",Dec/09/2017,0.4588,0.12,0.0,0.88,78
79,BBC,"Who even needs a calculator anyway? 
Via BBC Minute https://t.co/5LIDp3hZXh",Dec/09/2017,0.0,0.0,0.0,1.0,79
80,BBC,"? From essays about Cuba’s transformation to a history of US nuclear policy, here are 10 books to read in December.… https://t.co/XvF7FFPWF8",Dec/09/2017,0.0,0.0,0.0,1.0,80
81,BBC,"There's around 500k pieces of space junk orbiting Earth, posing a huge threat to astronauts. The RemoveDebris space… https://t.co/MLFaaVAxta",Dec/09/2017,-0.2732,0.106,0.157,0.737,81
82,BBC,"As @Lord_Sugar's search for his next business partner continues, take an in-depth look at the remaining candidates.… https://t.co/jkK7AHquzr",Dec/08/2017,0.0,0.0,0.0,1.0,82
83,BBC,"'For me, drag is a device to entertain people and make them laugh.' ??
Via @BBCTheSocial. https://t.co/urnzq6NJJA",Dec/08/2017,0.1027,0.126,0.104,0.769,83
84,BBC,"You might think the hipster beard is a new trend, but the mid-19th century was a true golden age for massive facial… https://t.co/dsJojiqMgH",Dec/08/2017,0.5719,0.156,0.0,0.844,84
85,BBC,"RT @bbcmusic: WHAT A LINE UP ?
Tonight's #SLFN guest host: the incredible @DuaLipa ?
Performances from @KasabianHQ, @RagNBoneManUK, @RAYE a…",Dec/08/2017,0.0,0.0,0.0,1.0,85
86,BBC,"RT @bbc5live: 10-year-old William thought he'd lost his camera when it was swept out to sea ? ?

But he's been reunited with it after it wa…",Dec/08/2017,-0.3182,0.0,0.087,0.913,86
87,BBC,"RT @BBCSpringwatch: We've some gorgeous gannets in today's advent calendar. ???
They're busy building nests - I wonder if they can make wre…",Dec/08/2017,0.6124,0.167,0.0,0.833,87
88,BBC,RT @BBCOne: ? @Chris_Stark reveals the magic behind *that* BBC One Christmas tearjerker. https://t.co/FbLj5SrI6y,Dec/08/2017,0.0,0.0,0.0,1.0,88
89,BBC,? ? @ClaudiaWinkle and @Claraamfo look back at this year's best music. The Year in Music 2017. 9pm on @BBCTwo.… https://t.co/fqm4A0Wv3C,Dec/08/2017,0.6369,0.189,0.0,0.811,89
90,BBC,"? From the new Star Wars to the story of the worst movie ever made, here are 9 movies to watch in December. ?… https://t.co/Zihk2ad0dz",Dec/08/2017,-0.8271,0.0,0.268,0.732,90
91,BBC,"Sharks, bear markets, narwhals &amp; yak shaving - do you know the 
business beast ABC?
Full guide here ?… https://t.co/kgxpnSZf4A",Dec/08/2017,0.0,0.0,0.0,1.0,91
92,BBC,"Remember how we actually did alright at Eurovision this year? ??

10 surprising music moments from 2017 you've alre… https://t.co/hS72dmiWNE",Dec/08/2017,0.4767,0.186,0.0,0.814,92
93,BBC,??? Are you smarter than an 11-year-old? Take this quiz &amp; find out... https://t.co/JNbY5UN9QB https://t.co/nZWffIrmGv,Dec/08/2017,0.4588,0.176,0.0,0.824,93
94,BBC,"RT @bbcmusic: ?@Harry_Styles is nominated for BBC Music Artist Of The Year, and we STILL have goosebumps from his beautiful 'Girl Crush' pe…",Dec/08/2017,0.5106,0.147,0.06,0.792,94
95,BBC,"'If you don't get the angle right, it's not going to work.'
Can you #DoTheHuw? ? https://t.co/hYxrN6C790",Dec/08/2017,0.0,0.0,0.0,1.0,95
96,BBC,Stewards working at Prince Harry &amp; Meghan Markle's Royal Wedding have been told to watch Suits before the big day.… https://t.co/ErN62dBvF6,Dec/08/2017,0.0,0.0,0.0,1.0,96
97,BBC,"The perfect warm drink for cold December evenings. ??? 
Via @BBCFood. https://t.co/clDVQqgSOj",Dec/08/2017,0.6808,0.359,0.0,0.641,97
98,BBC,"RT @bbcworldservice: ""Falls reduced by 60%."" Why some care home residents are 'pimping' their walking frames. Follow the link for more from…",Dec/08/2017,0.4939,0.132,0.0,0.868,98
99,BBC,Professional clowns must choose a unique facial makeup design – and they have an unusual way of ‘protecting’ it fro… https://t.co/zmkytd7z8v,Dec/08/2017,0.0,0.0,0.0,1.0,99
100,CBS,"Due to NFL overrun, CBS is delayed 8 mins in the following ET &amp; CT markets: Hunstville, AL, Bowling Green, KY, MS,… https://t.co/gbwhgooEQd",Dec/11/2017,-0.2263,0.0,0.083,0.917,0
101,CBS,"Due to NFL overrun CBS is delayed 7 mins in the following ET &amp; CT markets Tampa, Chicago, Maryland, Michigan, Wash… https://t.co/driVgCiX7D",Dec/11/2017,-0.2263,0.0,0.087,0.913,1
102,CBS,"RT @NoActivityCBS: If you want the intel, you get the tickles. ? Stream the first 5 episodes of #NoActivity now: https://t.co/Wzq9bVOhGN ht…",Dec/10/2017,0.0772,0.064,0.0,0.936,2
103,CBS,RT @startrekcbs: .@albinokid and @wcruz73 are breaking new ground in #StarTrekDiscovery. ???? Stream chapter 1 on CBS All Access: https://t…,Dec/10/2017,0.0,0.0,0.0,1.0,3
104,CBS,Don’t miss America’s Game! Stream the Army-Navy game LIVE today at 3PM ET with a FREE trial of #CBSAllAccess:… https://t.co/38udnQj2vs,Dec/09/2017,0.5754,0.189,0.07,0.742,4
105,CBS,"There's still time before we have to say so long! Catch up with Carol Burnett, her original castmates and special g… https://t.co/WTiK8dzaXO",Dec/09/2017,0.6476,0.209,0.0,0.791,5
106,CBS,RT @bigbangtheory: It's the biggest best friend breakup of the year... ? Stream the latest full episode of #BigBangTheory: https://t.co/iIw…,Dec/08/2017,0.8126,0.303,0.0,0.697,6
107,CBS,"RT @AmazingRaceCBS: Presenting... the 30th cast of the #AmazingRace! Made up of champions and winners, this is quite literally the most com…",Dec/07/2017,0.7777,0.254,0.0,0.746,7
108,CBS,Do you know all the nominees for Song Of The Year? Get familiar with this year's GRAMMY® Award nominees ahead of Mu… https://t.co/I6hhOtfQjb,Dec/07/2017,0.5423,0.137,0.0,0.863,8
109,CBS,"A new Twilight Zone original series is coming exclusively to CBS All Access in association with @JordanPeele,… https://t.co/fVYnhUASee",Dec/06/2017,0.3182,0.126,0.0,0.874,9
110,CBS,RT @SuperiorDonuts: You'll want to check this box! ?? Stream the latest episode of #SuperiorDonuts: https://t.co/h1xhKLCAPl https://t.co/d8…,Dec/05/2017,0.1511,0.09,0.0,0.91,10
111,CBS,RT @YoungSheldon: Wondering what it's like behind the scenes of #YoungSheldon? Let star @OfficialRaeganR take you on a tour of the set! htt…,Dec/05/2017,0.4199,0.117,0.0,0.883,11
112,CBS,The Kennedy Center Honors recognizes the lifetime contributions of all types of performance artists. Watch the 40th… https://t.co/azF3rW2ptw,Dec/05/2017,0.5106,0.163,0.0,0.837,12
113,CBS,RT @YoungSheldon: There's something @elonmusk never told you about @spacex's Falcon 9. ?  #YoungSheldon https://t.co/bu3W0IC8zN,Dec/05/2017,0.0,0.0,0.0,1.0,13
114,CBS,"Just like old times, Carol Burnett bumps up the lights and answers questions from the audience. Catch up on The Car… https://t.co/9r7WI8d1tZ",Dec/04/2017,0.3612,0.106,0.0,0.894,14
115,CBS,Star comedian @JimCarrey gets emotional when he expresses his heartfelt thanks to Carol Burnett for her positive in… https://t.co/5QCejBcg5T,Dec/04/2017,0.9217,0.504,0.0,0.496,15
116,CBS,Take a trip down memory lane with Carol Burnett for a special tribute you'll never forget. Catch up on The Carol Bu… https://t.co/XBINDav614,Dec/04/2017,0.5213,0.187,0.0,0.813,16
117,CBS,"RT @JLawlorNY: So, ok...maybe I'm crying at at the #CarolBurnett50 finale with everyone singing her theme song! #ImSoGladWeHadThisTimeToget…",Dec/04/2017,-0.5655,0.0,0.177,0.823,17
118,CBS,RT @junerenee: A true classic and favorite!! Love #CarolBurnett50 laughed and cried...just like before!,Dec/04/2017,0.9466,0.672,0.0,0.328,18
119,CBS,RT if you’ve loved reliving these classic moments during #CarolBurnett50 https://t.co/I1tIWeSlsQ,Dec/04/2017,0.5994,0.281,0.0,0.719,19
120,CBS,RT @Mom101: I can't tell you the joy of seeing my 10yo laughing at this. Especially the Tim Conway dentist sketch.  #CarolBurnett50,Dec/04/2017,0.7906,0.269,0.0,0.731,20
121,CBS,"RT @AdeleAndMike: Thank You for bringing back such wonderful memories, the entire family would gather to watch, and we would then laugh abo…",Dec/04/2017,0.8689,0.329,0.0,0.671,21
122,CBS,RT @tessab13: The Siamese Elephants skit on the Carol Burnett show is such a classic and possibly my favorite. Loved Tim Conway! #CarolBurn…,Dec/04/2017,0.8016,0.264,0.0,0.736,22
123,CBS,RT @inezpanebianco: @OfficialBPeters and Carol Burnett reminiscing back on the carol burnett show is my idea of a perfect night ?? #CarolBu…,Dec/04/2017,0.5719,0.156,0.0,0.844,23
124,CBS,"What a performance by @OfficialBPeters, @KChenoweth, Carol Burnett, Steve Lawrence, and @StephenAtHome!… https://t.co/DqewQ6ASQp",Dec/04/2017,0.0,0.0,0.0,1.0,24
125,CBS,RT @jonjeffryes: Bob Mackie created 65 costumes a week for The Carol Burnett Show #CarolBurnett50,Dec/04/2017,0.25,0.133,0.0,0.867,25
126,CBS,RT @bmayberry92: Steve Carell with that video submission though! ? #carolburnett50,Dec/04/2017,0.0,0.0,0.0,1.0,26
127,CBS,She’s still got it! #CarolBurnett50 https://t.co/zTxZc5zrqP,Dec/04/2017,0.0,0.0,0.0,1.0,27
128,CBS,RT @BobMackie: Our friend Tim Conway never failed to make us laugh #CarolBurnett50,Dec/04/2017,0.8591,0.487,0.0,0.513,28
129,CBS,RT @bpeters99: #CarolBurnett50  Am I the Only one with tears in my eyes while I give a standing ovation from my couch? One of the most bril…,Dec/04/2017,-0.2263,0.0,0.076,0.924,29
130,CBS,RT @SuperJen1117: This show is awesome...Some of the funniest women together on one stage ???? #CarolBurnett50,Dec/04/2017,0.5574,0.194,0.0,0.806,30
131,CBS,These two are just like sisters ?? #CarolBurnett50 https://t.co/EPpyf2kOuV,Dec/04/2017,0.3612,0.238,0.0,0.762,31
132,CBS,RT @chattie: Watching #carolburnett50  can’t quit smiling. Brings me memories of watching on Saturday nights with my mom and grandma.,Dec/04/2017,0.4588,0.136,0.0,0.864,32
133,CBS,RT @DanRocks98: Settling in for the #CarolBurnett50 special. This lady is comedy gold! A true staple of my childhood.,Dec/04/2017,0.807,0.356,0.0,0.644,33
134,CBS,She’s back! Tune in now to see The Carol Burnett 50th Anniversary Special on CBS and CBS All Access. #CarolBurnett50 https://t.co/HhvRmT5AR0,Dec/04/2017,0.4574,0.13,0.0,0.87,34
135,CBS,"Due to #NFL football overrun #CBS is delayed 11 min in: 
Atlanta 
Baltimore 
Columbus
Cleveland 
Toledo
Detroit
Fli… https://t.co/oCkn11yJOR",Dec/04/2017,-0.2263,0.0,0.095,0.905,35
136,CBS,Relive the laughter and the magic in this star-studded tribute to everyone's favorite classic comedy show. Don't mi… https://t.co/WV6jxBnRAt,Dec/03/2017,0.8271,0.352,0.0,0.648,36
137,CBS,"Tonight, spend an evening together with Carol Burnett and celebrity friends as they celebrate The Carol Burnett 50t… https://t.co/uH2uM9cJFS",Dec/03/2017,0.7783,0.286,0.0,0.714,37
138,CBS,Carol Burnett credits the close-knit cast for the success of her show. Join her and original cast members Vicki Law… https://t.co/1rlNPUS5EJ,Dec/03/2017,0.8658,0.386,0.0,0.614,38
139,CBS,Carol Burnett and friends reflect on how the show became an instant classic that's still celebrated today! Join the… https://t.co/lZgVz9XSyM,Dec/03/2017,0.8516,0.353,0.0,0.647,39
140,CBS,"Tonight, celebrate with Carol Burnett, Vicki Lawrence, Lyle Waggoner &amp; more special guests! Find out how to watch T… https://t.co/Rhm6RJ34u2",Dec/03/2017,0.7897,0.28,0.0,0.72,40
141,CBS,Stream Indiana at Michigan LIVE today at 12:30PM ET with a 1-month FREE trial of #CBSAllAccess. Just use promo code… https://t.co/xRem3zSyEQ,Dec/02/2017,0.6166,0.175,0.0,0.825,41
142,CBS,Kristin Chenoweth (@KChenoweth) explains why audiences still crave Carol Burnett! Don't miss The Carol Burnett 50th… https://t.co/kM92NTtTfs,Dec/02/2017,0.1867,0.098,0.0,0.902,42
143,CBS,"Catch up on this amazing lineup of music specials! Here's how to watch Bruno Mars: 24K Magic Live at the Apollo, Th… https://t.co/Jit2CzZJCY",Dec/02/2017,0.6996,0.179,0.0,0.821,43
144,CBS,Missed Bruno Mars: 24K Magic Live at the Apollo? Keep up! Watch the full show: https://t.co/itXpGB5gRm #BrunoMars https://t.co/8yyQlC1LML,Dec/02/2017,-0.3595,0.0,0.128,0.872,44
145,CBS,Reminisce with these classic photos and get ready to relive the magic when The Carol Burnett 50th Anniversary Speci… https://t.co/yJQEzCjoSA,Dec/01/2017,0.3612,0.116,0.0,0.884,45
146,CBS,"RT @LivinBiblically: In the beginning, there was Chip. And lo! Chip had a revelation. #LivingBiblically is a new comedy premiering Monday,…",Dec/01/2017,0.4199,0.134,0.0,0.866,46
147,CBS,"Discover these pro football stars' off-the-field talents in MVP: Most Valuable Performer, airing Jan 25 on CBS! Fin… https://t.co/g8jSRW8mQf",Dec/01/2017,0.7707,0.282,0.0,0.718,47
148,CBS,"Find out when #BigBrother celebrity edition, #AmazingRace, #Survivor, new drama @instinctcbs and new comedy… https://t.co/4Psl74zcCB",Dec/01/2017,0.0,0.0,0.0,1.0,48
149,CBS,Actress @BethBehrs explains why Carol Burnett is her hero! Celebrate her lasting influence with The Carol Burnett 5… https://t.co/Lnt5P9jEu0,Dec/01/2017,0.8221,0.309,0.0,0.691,49
150,CBS,"RT @instinctcbs: New drama #Instinct, starring @Alancumming, premieres Sunday, March 11 on @CBS! https://t.co/aaL0JXpqav",Dec/01/2017,0.0,0.0,0.0,1.0,50
151,CBS,"RT @AmazingRaceCBS: On your marks... #AmazingRace returns Wednesday, January 3! https://t.co/XMSJSUymUZ",Dec/01/2017,0.0,0.0,0.0,1.0,51
152,CBS,RT @CBSBigBrother: Mark. Your. Calendars. The celebrity edition of #BigBrother premieres February 7! https://t.co/nP3Do6jTwM,Dec/01/2017,0.0,0.0,0.0,1.0,52
153,CBS,The Angels await you... catch up on the world's most celebrated fashion show now! Watch the full 2017… https://t.co/xfYDbEzpfX,Dec/01/2017,0.6893,0.251,0.0,0.749,53
154,CBS,"Comedy stars Amy Poehler, Bill Hader, @MayaRudolph &amp; @TraceeEllisRoss give the legendary Tarzan yell a try- but no… https://t.co/lrrHE2f9Nv",Dec/01/2017,0.1901,0.093,0.0,0.907,54
155,CBS,Action-adventure series 'Blood &amp; Treasure' has been picked up for broadcast in Summer 2019: https://t.co/gAjqbF5bYh https://t.co/3cTBH9AKFI,Dec/01/2017,0.296,0.128,0.0,0.872,55
156,CBS,Carol Burnett visited @TheTalkCBS to discuss how she got her start in show business! Watch The Carol Burnett 50th A… https://t.co/EyqmFWZHEC,Nov/30/2017,0.0,0.0,0.0,1.0,56
157,CBS,"The world's most beloved fairy tales are reimagined as a dark &amp; twisted psychological thriller in ""Tell Me A Story,… https://t.co/CytIswrRj1",Nov/30/2017,0.6115,0.227,0.0,0.773,57
158,CBS,RT @RansomCBS: #Ransom star @luke_j_roberts on set in Budapest for Season 2! https://t.co/rgC5ylqSMp,Nov/30/2017,0.0,0.0,0.0,1.0,58
159,CBS,Comic @JayLeno reflects on the major impression Carol Burnett left on him. Celebrate The Carol Burnett 50th Anniver… https://t.co/PIakndHJt1,Nov/30/2017,0.6808,0.248,0.0,0.752,59
160,CBS,"Watch #BrunoMars perform ""That's What I Like"" in Bruno Mars: 24K Magic Live at the Apollo: https://t.co/hAFcB9HpE3 https://t.co/I7ZWHdDYCP",Nov/30/2017,0.3612,0.135,0.0,0.865,60
161,CBS,"Watch #BrunoMars perform ""24K Magic"" in Bruno Mars: 24K Magic Live at the Apollo: https://t.co/UgD4fC5cS6 https://t.co/iTGKJSbjwY",Nov/30/2017,0.0,0.0,0.0,1.0,61
162,CBS,Missed Bruno Mars: 24K Magic Live at the Apollo Theater? Keep up! Watch the full show: https://t.co/itXpGB5gRm… https://t.co/nkRMIUd2Df,Nov/30/2017,-0.3595,0.0,0.128,0.872,62
163,CBS,RT @CWatkinsTV: That. Was. Amazing! #BrunoMars,Nov/30/2017,0.6239,0.45,0.0,0.55,63
164,CBS,The stage is ?? #BrunoMars https://t.co/nykrDH46Bs,Nov/30/2017,0.0,0.0,0.0,1.0,64
165,CBS,RT @anitakearney65: I could watch this all night #Brunomars #BrunosTvSpecial so much fun to watch OMG,Nov/30/2017,0.5542,0.204,0.0,0.796,65
166,CBS,Everybody put your hands up! #BrunoMars https://t.co/jU7NyttAqv,Nov/30/2017,0.0,0.0,0.0,1.0,66
167,CBS,RT @Sara_nurse: My 2yr old niece heard @BrunoMars and is now up singing and dancing #BrunosTVSpecial #BrunoMars,Nov/30/2017,0.0,0.0,0.0,1.0,67
168,CBS,"RT @AllieNY86: His voice is mesmerizing 
#BrunoMars",Nov/30/2017,0.0,0.0,0.0,1.0,68
169,CBS,RT @BrunoMars: We love you MARY!!!! ?? #BrunosTvSpecial,Nov/30/2017,0.7482,0.434,0.0,0.566,69
170,CBS,RT @RDMichelleLNK: Loving a dose of #BrunoMars midweek. So amazing!,Nov/30/2017,0.8513,0.542,0.0,0.458,70
171,CBS,We’re only halfway into the show. Get ready for more of your favorite #BrunoMars tunes! https://t.co/BJh0PeX864,Nov/30/2017,0.7232,0.302,0.0,0.698,71
172,CBS,"When #BrunoMars tells you to pick up the phone, that’s exactly what you do. https://t.co/JZDS26h3lL",Nov/30/2017,0.0,0.0,0.0,1.0,72
173,CBS,RT @MargoSlade: Best way to relax after a hard day of work watching #BrunoMars on #BrunosTVSpecial my heart is the happiest,Nov/30/2017,0.8979,0.394,0.049,0.557,73
174,CBS,RT @Tiffany48184: Now that's how you open up a show!!!!! #BrunoMars,Nov/30/2017,0.0,0.0,0.0,1.0,74
175,CBS,RT if you’re ready to party with #BrunoMars!! https://t.co/o4qQoKOzgH,Nov/30/2017,0.6988,0.452,0.0,0.548,75
176,CBS,RT @BrunoMars: POP POP!!?? everyone tweet #BrunosTvSpecial! We on!!!! ?,Nov/30/2017,0.0,0.0,0.0,1.0,76
177,CBS,RT @Queentassia14: Bruno Mars Live at the Apollo!!!! Yeah I have to wake up at like 4 am for work.... but it's worth it. #BrunoMars #Brunos…,Nov/30/2017,0.7067,0.246,0.0,0.754,77
178,CBS,RT @asbstar30: BRUNO #BrunoMars,Nov/30/2017,0.0,0.0,0.0,1.0,78
179,CBS,"Get on your feet, and prepare to dance. #BrunoMars is hitting the stage! https://t.co/yOyq8JlMZj",Nov/30/2017,0.0,0.0,0.0,1.0,79
180,CBS,"Pop pop, it's showtime! Bruno Mars: 24K Magic Live at the Apollo starts at 10/9c on CBS, or try 1 month FREE of CBS… https://t.co/cpCSYDKieM",Nov/30/2017,0.6514,0.158,0.0,0.842,80
181,CBS,Calling all Bruno Mars' lovelies... don't miss Bruno Mars: 24K Magic Live at the Apollo tonight @ 10/9c on CBS &amp; CB… https://t.co/nGOgukLMx9,Nov/30/2017,0.1139,0.064,0.0,0.936,81
182,CBS,You'll treasure this special night with #BrunoMars! Find out how to watch Bruno Mars: 24K Magic Live at the Apollo… https://t.co/qF2eRcJLSJ,Nov/29/2017,0.6825,0.228,0.0,0.772,82
183,CBS,RT @BrunoMars: Ladies put your hoops on tonight! Fellas break out that good cologne! #BrunosTvSpecial is airing on @CBS! What y’all trynna…,Nov/29/2017,0.5826,0.152,0.0,0.848,83
184,CBS,RT @YoungSheldon: Sheldon will do whatever it takes to get his hands on his own computer in tomorrow's all-new episode of #YoungSheldon! ht…,Nov/29/2017,0.0,0.0,0.0,1.0,84
185,CBS,RT @survivorcbs: What drama will ensue on back-to-back episodes of #Survivor tonight? Watch a sneak peek now: https://t.co/LHcxyClSw1 https…,Nov/29/2017,0.0,0.0,0.0,1.0,85
186,CBS,Discover every reason why #BrunoMars is 24K Magic! Watch Bruno Mars: 24K Magic Live at the Apollo tonight @ 10/9c o… https://t.co/oaPjvl3rSW,Nov/29/2017,0.0,0.0,0.0,1.0,86
187,CBS,Did you catch these tiny moments during the 2017 Victoria's Secret Fashion Show? Find out what you may have missed:… https://t.co/IIyupot9uU,Nov/29/2017,0.0,0.0,0.0,1.0,87
188,CBS,RT @funnyordie: Live! Watch Tim Meadows and Patrick Brammall of @NoActivityCBS play themselves in new 8-bit video game! https://t.co/nXCuHO…,Nov/29/2017,0.4559,0.142,0.0,0.858,88
189,CBS,The 'Only Angel' @Harry_Styles saw last night were the ones on the runway! Watch him perform at the #VSFashionShow:… https://t.co/na8GAiZwmS,Nov/29/2017,0.0,0.0,0.0,1.0,89
190,CBS,This entire collection is drop-dead gorgeous. See all the most sizzling looks from the 2017 #VSFashionShow:… https://t.co/zpTKXcm05r,Nov/29/2017,0.6124,0.2,0.0,0.8,90
191,CBS,"Stars @Miguel, @Harry_Styles, @leslieodomjr &amp; more set the tone for a truly incredible show! Watch all the musical… https://t.co/kmo4l3aGai",Nov/29/2017,0.4926,0.158,0.0,0.842,91
192,CBS,Some of the best moments happen behind the scenes! Here's your backstage pass to the 2017 Victoria's Secret Fashion… https://t.co/S8MpOnhC6b,Nov/29/2017,0.6696,0.191,0.0,0.809,92
193,CBS,"From the sky-high heels to the jaw-dropping wings, these outfits are fashion goals! See all the best looks from the… https://t.co/GnyZ8NnBYH",Nov/29/2017,0.6696,0.183,0.0,0.817,93
194,CBS,Missed the world’s most celebrated fashion show? Catch up on your own time and watch the entire 2017 Victoria's Sec… https://t.co/9OuYvHItzh,Nov/29/2017,0.4201,0.158,0.087,0.754,94
195,CBS,"RT @VictoriasSecret: That’s a wrap on the 2017 #VSFashionShow!! BIG thanks to the Angels, the people of Shanghai &amp; YOU for watching! https:…",Nov/29/2017,0.5826,0.152,0.0,0.848,95
196,CBS,Want to relive all of your favorite #VSFashionShow runway moments?  @GIPHY has you covered. https://t.co/mgfziAQR4c,Nov/29/2017,0.5106,0.249,0.0,0.751,96
197,CBS,"RT @vannalovescats: Another successful show. I’m so proud of all of the beautiful ladies, they all did amazing. The musical guests were FAN…",Nov/29/2017,0.9476,0.449,0.0,0.551,97
198,CBS,55 Models. 88 Looks. 1 FABULOUS Night. #VSFashionShow https://t.co/TmYqRjDRE5,Nov/29/2017,0.6289,0.371,0.0,0.629,98
199,CBS,Two. Million. Dollar. Bra. ?  #VSFashionShow https://t.co/4dp7RbMHlp,Nov/29/2017,0.0,0.0,0.0,1.0,99
200,CNN,A Hong Kong resident shares his tips for street photography so your images will look like a pro snapped them… https://t.co/vjhNCglprn,Dec/11/2017,0.5719,0.217,0.0,0.783,0
201,CNN,"References to climate change and the EPA's use of renewable energy have been removed from several of its web pages,… https://t.co/8JynJpKqbV",Dec/11/2017,0.2732,0.095,0.0,0.905,1
202,CNN,"""Mutual destruction is only one impulsive tantrum away."" 2017 Nobel Peace Prize winners urge world leaders to prohi… https://t.co/ZaVU378k5j",Dec/11/2017,0.5267,0.326,0.214,0.461,2
203,CNN,"“It’s more than a cup of coffee, it’s a human rights movement” says Amy Wright, who founded @bittyandbeauscoffee em… https://t.co/rJMDuYSjGJ",Dec/11/2017,0.0,0.0,0.0,1.0,3
204,CNN,"Vice President Mike Pence and Palestinian Authority President Mahmoud Abbas won't meet, vice president's office con… https://t.co/cLSgK4pnev",Dec/11/2017,0.0772,0.075,0.0,0.925,4
205,CNN,The Chicago Board Options Exchange on Sunday began trading bitcoin futures -- a new step for the cryptocurrency… https://t.co/qrPKIalhxb,Dec/11/2017,0.0,0.0,0.0,1.0,5
206,CNN,"Obama is right — US democracy is fragile, writes Ruth Ben-Ghiat https://t.co/aFOQNrYG2j (via @CNNOpinion) https://t.co/wcE6ev1BBu",Dec/11/2017,0.0,0.0,0.0,1.0,6
207,CNN,"An incomplete tunnel running for more than a kilometer from Gaza into southern Israel has been destroyed, Israel's… https://t.co/XtA96NRhkU",Dec/11/2017,-0.4939,0.0,0.158,0.842,7
208,CNN,"UN chief says ""America First"" slogan is ""detrimental to American interests"" https://t.co/B4NV1ScY5J https://t.co/DdvViPizBf",Dec/11/2017,0.25,0.143,0.0,0.857,8
209,CNN,"A man walking his dog on a British Columbia beach this week made a grisly discovery: A foot in a shoe, along with p… https://t.co/RmmpqeUTdb",Dec/11/2017,0.0,0.0,0.0,1.0,9
210,CNN,Samir Lakhani was a college student when he started his nonprofit @ecosoapbank taking discarded soap from hotels an… https://t.co/mo8sw7CzCz,Dec/11/2017,-0.34,0.0,0.124,0.876,10
211,CNN,"""We should all be willing to listen to"" women who speak up about inappropriate sexual behavior, including President… https://t.co/TEjRTRnSis",Dec/11/2017,0.0,0.0,0.0,1.0,11
212,CNN,"""The demolition crew was savage."" Beijing forces migrant workers from their homes as part of a drive to shut down w… https://t.co/oiru5mbGer",Dec/11/2017,0.0,0.0,0.0,1.0,12
213,CNN,Democratic lawmakers have asked the Treasury Department for documents on financial dealings with Russia… https://t.co/pBmTUHxsAz,Dec/11/2017,0.2023,0.114,0.0,0.886,13
214,CNN,McLaren's 'most extreme' road car costs $1 million https://t.co/a1Unk82nwx https://t.co/yvlL9LCdSq,Dec/11/2017,0.0,0.0,0.0,1.0,14
215,CNN,Venezuelan President Nicolas Maduro has said that some of the main opposition parties will not be allowed to run in… https://t.co/VmN9pU5gEC,Dec/11/2017,0.4019,0.119,0.0,0.881,15
216,CNN,These are the most eye-catching photos from 2017 https://t.co/lXgXsyNfa6 https://t.co/Z6N0yRLk60,Dec/11/2017,0.0,0.0,0.0,1.0,16
217,CNN,"Heavy snow fell in many parts of the UK on Sunday as Storm Caroline, the biggest storm so far this year, caused wid… https://t.co/R9UCEICrxm",Dec/11/2017,0.0,0.0,0.0,1.0,17
218,CNN,"Global arms sales increased for the first time in five years in 2016, a new report says https://t.co/thhQ2sqH3c https://t.co/mjSUBUVzic",Dec/11/2017,0.2732,0.11,0.0,0.89,18
219,CNN,The revelation that a black hole grew in just five hundred million years challenges our models of how early galaxie… https://t.co/A6dhPi6bDe,Dec/11/2017,0.0772,0.064,0.0,0.936,19
220,CNN,Voting for CNN Hero of the Year CLOSES Tuesday 12/12 at 11:59pm PT -- VOTE NOW at https://t.co/ANMKKkTX4Z!… https://t.co/dx1AFkowA7,Dec/11/2017,0.5983,0.178,0.0,0.822,20
221,CNN,"Sunday was a tale of two campaigns for Alabama’s special Senate election, with Democratic candidate Doug Jones barn… https://t.co/jL6LWnNYrp",Dec/11/2017,0.4019,0.137,0.0,0.863,21
222,CNN,"""Time is of the essence,"" UN official says after visit to North Korea https://t.co/Ndbay5jZKB https://t.co/Ik94KKGF5X",Dec/11/2017,0.0,0.0,0.0,1.0,22
223,CNN,"""Mutual destruction is only one impulsive tantrum away."" 2017 Nobel Peace Prize winners urge world leaders to prohi… https://t.co/cdt0zVvUGy",Dec/11/2017,0.5267,0.326,0.214,0.461,23
224,CNN,3-D printing braces up sea turtle with gap in its shell https://t.co/mhGanIyPvv https://t.co/sfqprWjpiv,Dec/11/2017,0.0,0.0,0.0,1.0,24
225,CNN,"Turkish President Recep Tayyip Erdogan called Israel a ""terrorist"" and ""child-murderer state"" as he criticized US P… https://t.co/BKnHlFnpqF",Dec/11/2017,-0.3612,0.0,0.135,0.865,25
226,CNN,A Hong Kong resident shares his tips for street photography so your images will look like a pro snapped them… https://t.co/5WoufYP4mX,Dec/11/2017,0.5719,0.217,0.0,0.783,26
227,CNN,He was shot and killed by Chicago police in 2014. But that’s just the beginning of this story. #BeneathTheSkin… https://t.co/5v9LwaIdhK,Dec/11/2017,-0.6705,0.0,0.191,0.809,27
228,CNN,The Chicago Board Options Exchange on Sunday began trading bitcoin futures -- a new step for the cryptocurrency… https://t.co/ioVnnfy3wf,Dec/11/2017,0.0,0.0,0.0,1.0,28
229,CNN,"17 million infants around the world are breathing toxic air that can severely affect brain development, a new UNICE… https://t.co/17hus7Dff3",Dec/11/2017,-0.4588,0.0,0.143,0.857,29
230,CNN,"Global arms sales increased for the first time in five years in 2016, a new report says https://t.co/K6yTDlfed9 https://t.co/i4cYJ3hftu",Dec/11/2017,0.2732,0.11,0.0,0.89,30
231,CNN,Israeli army destroys tunnel from Gaza https://t.co/emKGf8IPZW https://t.co/OHXDWt8Vtc,Dec/11/2017,-0.5574,0.0,0.34,0.66,31
232,CNN,"During an appearance on a conspiracy-driven radio show in 2011, Alabama Senate candidate Roy Moore said getting rid… https://t.co/B4cZRMxXO6",Dec/11/2017,0.0,0.0,0.0,1.0,32
233,CNN,Sirius XM faces celebrity backlash after former White House Chief Strategist Steve Bannon rejoins radio show… https://t.co/HLJZVwW78o,Dec/11/2017,0.0,0.0,0.0,1.0,33
234,CNN,The rise of a ‘fish mafia’ in this small Mexican town is killing off an entire population of small porpoises.… https://t.co/W0tTmNUogp,Dec/11/2017,-0.6597,0.0,0.188,0.812,34
235,CNN,"“We're not looking for perfection, we're just looking for better than yesterday."" After rehab changed his life, Aar… https://t.co/fVpZmBWzqm",Dec/10/2017,-0.0253,0.127,0.131,0.742,35
236,CNN,President Trump spoke at the opening of the Mississippi Civil Rights Museum. Some civil rights and community leader… https://t.co/sX8XMVX9k3,Dec/10/2017,0.0,0.0,0.0,1.0,36
237,CNN,"Israel airstrikes, Gaza rockets amid tensions over Jerusalem https://t.co/8zRuyw7PO4 https://t.co/P47G7huOe0",Dec/10/2017,-0.4019,0.0,0.231,0.769,37
238,CNN,FBI email shows Attorney General Jeff Sessions wasn't required to disclose foreign contacts for security clearance… https://t.co/RWekrGKgQJ,Dec/10/2017,0.34,0.13,0.0,0.87,38
239,CNN,McLaren's 'most extreme' road car costs $1 million https://t.co/5CwE92eNfD https://t.co/GrQmRbIrMg,Dec/10/2017,0.0,0.0,0.0,1.0,39
240,CNN,"Vice President Mike Pence and Palestinian Authority President Mahmoud Abbas won't meet, vice president's office con… https://t.co/Tx9YkRLoca",Dec/10/2017,0.0772,0.075,0.0,0.925,40
241,CNN,"UN chief says ""America First"" slogan is ""detrimental to American interests"" https://t.co/Fdmv3o9TUT https://t.co/T3Z51xTtC2",Dec/10/2017,0.25,0.143,0.0,0.857,41
242,CNN,"Even with Congress in session, all eyes will be on Alabama on Tuesday https://t.co/Qa1pMjzwfv https://t.co/PjNhNKkHcH",Dec/10/2017,0.0,0.0,0.0,1.0,42
243,CNN,Interior Secretary Ryan Zinke is pushing for a controversial road through a federally protected wilderness area in… https://t.co/pDolVX4lDn,Dec/10/2017,0.2732,0.155,0.096,0.749,43
244,CNN,"""We should all be willing to listen to"" women who speak up about inappropriate sexual behavior, including President… https://t.co/BtPynSIb5U",Dec/10/2017,0.0,0.0,0.0,1.0,44
245,CNN,The winners of the 2017 Nobel Peace Prize warn that nuclear destruction is 'one impulsive tantrum away'… https://t.co/xzz1xLGCSw,Dec/10/2017,0.4588,0.332,0.265,0.403,45
246,CNN,"""It's not at all a surprise that they (Russians) would make outreach to people they thought would have influence in… https://t.co/24yiPExN9C",Dec/10/2017,0.0736,0.096,0.083,0.821,46
247,CNN,Republican Sen. Susan Collins says she's not sure if she'll support the tax reform plan https://t.co/5YSNF3fLne https://t.co/tnM55Uu9G2,Dec/10/2017,0.1872,0.137,0.1,0.763,47
248,CNN,Take a look at this week in politics https://t.co/8ktzXSEPN4 https://t.co/i8OYgFjIPJ,Dec/10/2017,0.0,0.0,0.0,1.0,48
249,CNN,Futures trading is a new step for Bitcoin's wild ride https://t.co/GMHpH5Fw8z https://t.co/TmNf8tzIf8,Dec/10/2017,0.0,0.0,0.0,1.0,49
250,CNN,She lost her leg after being hit by a drunk driver. Now she empowers fellow amputees to overcome their physical lim… https://t.co/dINDZ5JW69,Dec/10/2017,-0.5719,0.0,0.198,0.802,50
251,CNN,Mix-and-match health coverage can be a risky alternative to Obamacare https://t.co/23NHVKbXQW https://t.co/76jyYlu0lj,Dec/10/2017,-0.2023,0.0,0.153,0.847,51
252,CNN,"CORRECTION: Jailed ""King of Spin"" Max Clifford dies in UK hospital https://t.co/mDlPZdNE9K https://t.co/qgHMGBdTP3",Dec/10/2017,-0.4939,0.0,0.211,0.789,52
253,CNN,Swedish police question suspects after synagogue attack https://t.co/3AlN0ZnOnc https://t.co/5Enu6RVoqw,Dec/10/2017,-0.6705,0.0,0.44,0.56,53
254,CNN,"President Trump has to live with the consequences of his Israel decision, writes Nic Robertson for @CNNOpinion… https://t.co/QbOk7FJSwi",Dec/10/2017,0.0,0.0,0.0,1.0,54
255,CNN,Alabama Senate candidate Roy Moore says he has never molested anyone https://t.co/4F7ipmrsLz https://t.co/quVFW9P8gs,Dec/10/2017,0.3412,0.167,0.0,0.833,55
256,CNN,"""Time is of the essence,"" UN official says after visit to North Korea https://t.co/kPzalGuqWh https://t.co/KHWyssfkeX",Dec/10/2017,0.0,0.0,0.0,1.0,56
257,CNN,The hidden fear driving the market surge https://t.co/jZVgAGZ7it https://t.co/MADYFBCHZ3,Dec/10/2017,-0.4939,0.0,0.286,0.714,57
258,CNN,Protesters and police clash outside US embassy in Beirut https://t.co/buz5mXWp3F https://t.co/X2JNZ8p3wP,Dec/10/2017,-0.2263,0.0,0.16,0.84,58
259,CNN,Heavy snow brings travel chaos to UK https://t.co/vVRzn8LEVP https://t.co/Mm7FLshDpW,Dec/10/2017,-0.5719,0.0,0.316,0.684,59
260,CNN,Ski racer Lindsey Vonn injures back and pulls out of a competition in St. Moritz https://t.co/5zVmooeTLI https://t.co/KjveQNCQFs,Dec/10/2017,0.0,0.0,0.0,1.0,60
261,CNN,UK foreign minister ends Iran trip with no announcement on jailed woman https://t.co/9wBvAfh8Qr https://t.co/2Wgp4dmdSE,Dec/10/2017,-0.6597,0.0,0.31,0.69,61
262,CNN,The gold rush for black market fish bladders has pushed this tiny porpoise toward extinction #vaquita… https://t.co/TQfbYwqPZc,Dec/10/2017,0.0,0.0,0.0,1.0,62
263,CNN,Voting for CNN Hero of the Year CLOSES Tuesday 12/12 at 11:59pm PT -- VOTE NOW at https://t.co/ANMKKlbytz!… https://t.co/CuFQv7zB4U,Dec/10/2017,0.5983,0.178,0.0,0.822,63
264,CNN,"Here's your ski resort guide to St. Moritz, Switzerland https://t.co/9NcNA31QQ1 https://t.co/57kMyQRIOa",Dec/10/2017,0.0,0.0,0.0,1.0,64
265,CNN,"""King of Spin"" Max Clifford dies in UK jail https://t.co/mDlPZdNE9K https://t.co/XodLjZtMLQ",Dec/10/2017,0.0,0.0,0.0,1.0,65
266,CNN,"Alabama Sen. Richard Shelby says he ""couldn't vote for Roy Moore"" https://t.co/3T8Xq0vCXe https://t.co/mIZijkBue1",Dec/10/2017,0.0,0.0,0.0,1.0,66
267,CNN,What a shot! The most amazing sports photos of 2017 https://t.co/bhSvDBYijR https://t.co/P8fBoXNPf2,Dec/10/2017,0.6581,0.305,0.0,0.695,67
268,CNN,"UN Chief António Guterres: ""It's essential to understand that refugees are not terrorists. They are the first victi… https://t.co/x5MU0FygNd",Dec/10/2017,0.5096,0.155,0.0,0.845,68
269,CNN,Pressure is mounting on Congress to act before year’s end on Deferred Action for Childhood Arrivals. What they deci… https://t.co/AwRUbU4BJb,Dec/10/2017,-0.296,0.0,0.104,0.896,69
270,CNN,"""It is very important for the world...that the US engages,"" UN Chief Antonio Guterres tells @FareedZakaria during a… https://t.co/FDF9ehtiri",Dec/10/2017,0.2716,0.104,0.0,0.896,70
271,CNN,"The Honest Company founder Jessica Alba tells @PoppyHarlowCNN that ""it’s tough when you’re the only woman in the ro… https://t.co/14mpfoLC3A",Dec/10/2017,0.4215,0.145,0.066,0.789,71
272,CNN,"""This is kind of the new normal,"" says California Gov. Jerry Brown, after a week of raging wildfires… https://t.co/Sk6Yh2IffQ",Dec/10/2017,-0.5267,0.0,0.167,0.833,72
273,CNN,She lost her leg after being hit by a drunk driver. Now she empowers fellow amputees to overcome their physical lim… https://t.co/EVxCuS4uQY,Dec/10/2017,-0.5719,0.0,0.198,0.802,73
274,CNN,A group of precocious kids had some tough questions for Santa Claus on @nbcsnl last night https://t.co/M70oxgiqRJ https://t.co/zDbbuNDoUT,Dec/10/2017,-0.128,0.0,0.086,0.914,74
275,CNN,Rep. Adam Schiff on Russian outreach to Hope Hicks: “It’s not at all a surprise that they would make outreach to pe… https://t.co/MwQM9RE14r,Dec/10/2017,0.647,0.264,0.067,0.669,75
276,CNN,Instagram is testing a standalone messaging app called Direct https://t.co/0B9ky2jDio https://t.co/EIP9KH2gmO,Dec/10/2017,0.0,0.0,0.0,1.0,76
277,CNN,"US Ambassador to the United Nations Nikki Haley: ""Jerusalem is the capital of Israel...whatever is East Jerusalem o… https://t.co/hnnw3xaf3q",Dec/10/2017,0.4215,0.135,0.0,0.865,77
278,CNN,US Ambassador to the United Nations Nikki Haley: “I have no concern” that President Trump’s Jerusalem decision will… https://t.co/ZHep68YyhL,Dec/10/2017,0.1531,0.127,0.1,0.773,78
279,CNN,"US Ambassador to the United Nations Nikki Haley says moving the capital of Israel to Jerusalem will ""move the ball… https://t.co/DbDpLD6McJ",Dec/10/2017,0.4215,0.123,0.0,0.877,79
280,CNN,"Republican Alabama Sen. Richard Shelby says there's ""something for just about everybody"" in the GOP tax bill… https://t.co/hy29AebKKk",Dec/10/2017,0.0,0.0,0.0,1.0,80
281,CNN,"“I want to reiterate again: I didn’t vote for Roy Moore, I wouldn’t vote for Roy Moore, I think the Republican Part… https://t.co/2R9DV9eqAo",Dec/10/2017,0.0772,0.064,0.0,0.936,81
282,CNN,"Republican Alabama Sen. Richard Shelby on Roy Moore’s accusers: “I think the women are believable, I have no reason… https://t.co/cVbHjeOmTy",Dec/10/2017,-0.296,0.0,0.109,0.891,82
283,CNN,"Republican Alabama Sen. Richard Shelby: “I couldn’t vote for Roy Moore, I didn’t vote for Roy Moore, I wrote in a d… https://t.co/Q40njVbgsQ",Dec/10/2017,0.0,0.0,0.0,1.0,83
284,CNN,"An Iranian-Turkish gold trader admitted in a US court that he made ""maybe $150 million"" by helping Iran dodge inter… https://t.co/yg1Kck4Zxt",Dec/10/2017,0.3818,0.167,0.0,0.833,84
285,CNN,The rise of a ‘fish mafia’ in this small Mexican town is killing off an entire population of small porpoises.… https://t.co/AmToMyq64y,Dec/10/2017,-0.6597,0.0,0.188,0.812,85
286,CNN,"We all tend to change our voices when talking to babies, but those changes can also vary across cultures. Here's ho… https://t.co/knCYMFE4kH",Dec/10/2017,0.0,0.0,0.0,1.0,86
287,CNN,"“We're not looking for perfection, we're just looking for better than yesterday."" After rehab changed his life, Aar… https://t.co/5HRacrBX3M",Dec/10/2017,-0.0253,0.127,0.131,0.742,87
288,CNN,"Four questions the November jobs report will help to answer:

- How low can unemployment go?

- Any remaining hurri… https://t.co/3mVntmTOA4",Dec/10/2017,-0.3182,0.114,0.211,0.675,88
289,CNN,Dramatic footage from @sarasidnerCNN shows one of the Southern California wildfires has jumped over a freeway while… https://t.co/DFuXTPkuja,Dec/10/2017,0.0516,0.07,0.0,0.93,89
290,CNN,New imaging finds crescent-shaped eye damage in a woman who tried to view the total solar eclipse in August… https://t.co/SdkIu6dPPF,Dec/10/2017,-0.4939,0.0,0.151,0.849,90
291,CNN,The stock market has seen a record-breaking ascent this year. But who is actually making money off the boom? Rich p… https://t.co/CJ8V8KtDJb,Dec/10/2017,0.5574,0.153,0.0,0.847,91
292,CNN,"Flu season is gaining speed in the United States, especially in the South, after getting off to a slow start… https://t.co/nFotP1jG5X",Dec/10/2017,0.4588,0.222,0.103,0.675,92
293,CNN,The gold rush for black market fish bladders has pushed this tiny porpoise toward extinction #vaquita… https://t.co/5Wn1UGNZuC,Dec/10/2017,0.0,0.0,0.0,1.0,93
294,CNN,"US jobs continued their strong run in November as employers added 228,000 jobs and the unemployment rate remained a… https://t.co/NYSqgRvB0s",Dec/10/2017,0.1027,0.136,0.12,0.744,94
295,CNN,"""Horse people are a community... Leaving one behind is like leaving a child behind ... you just can't do it.""

Hors… https://t.co/6Y888FVc4X",Dec/10/2017,0.3612,0.116,0.0,0.884,95
296,CNN,How states that carried Trump to victory avoid one sticky part of the tax bill https://t.co/WJ7mEeH7TA https://t.co/NYXJI8onFY,Dec/10/2017,-0.296,0.0,0.121,0.879,96
297,CNN,"State Department officials defended President Trump's recognition of Jerusalem as Israel's capital, saying it refle… https://t.co/MfvgXGJ45B",Dec/10/2017,0.0,0.0,0.0,1.0,97
298,CNN,A woman who made it through a wildfire in Southern California turned her home into a donation site for victims… https://t.co/psGRaWVtke,Dec/10/2017,0.0,0.0,0.0,1.0,98
299,CNN,Hispanic unemployment in the US is at an all-time low under President Trump https://t.co/pp37gMuqQR https://t.co/W0DQM5JLSY,Dec/10/2017,-0.6124,0.0,0.278,0.722,99
300,fox,"RT @linclark: Reminder of how much some dudes in this industry hate women. 

This comment is on my Quantum article, the 20th most upvoted p…",Dec/11/2017,-0.5719,0.0,0.134,0.866,0
301,fox,"Finally got a chance to give CSS Grid a go. The specification seemed intimidating and complex, but holy moly, it’s… https://t.co/VKVyK8M94k",Dec/11/2017,-0.1154,0.073,0.095,0.831,1
302,fox,"I do like the idea of a performance calendar (@perfplanet), but… there isn’t a single woman there. ?

Seriously, wo… https://t.co/t2drKx5mlP",Dec/11/2017,0.2023,0.13,0.089,0.781,2
303,fox,Me at white men getting sad about “feeling excluded”: https://t.co/yGo2pThBeJ,Dec/11/2017,-0.4767,0.0,0.256,0.744,3
304,fox,"@linclark omg, queueing all of this ?",Dec/11/2017,0.0,0.0,0.0,1.0,4
305,fox,"@evanderkoogh I just don’t go. Also, it’s fairly easy to find out where people work and drop a friendly line to the… https://t.co/jMYh1IMoRl",Dec/11/2017,0.6124,0.233,0.08,0.687,5
306,fox,@linclark @perfemail ?? thank you!,Dec/11/2017,0.4199,0.411,0.0,0.589,6
307,fox,"Seems like we have James Damore fans in Melbourne too! 

Also, leave my mentions mate. https://t.co/cSVWeXMp3m",Dec/11/2017,0.3802,0.155,0.067,0.778,7
308,fox,"RT @maybekatz: Thank you for everything, @ashedryden -- you showed us that these spaces are possible and have steadily elevated the standar…",Dec/11/2017,0.3612,0.106,0.0,0.894,8
309,fox,"Are you a woman and/or a person of color writing about web performance? I’d love to feature you in @perfemail. 

Ping me with your articles!",Dec/10/2017,0.6696,0.17,0.0,0.83,9
310,fox,"RT @EvyKassirer: Being aware of power dynamics in code reviews and feedback.

""You should be fostering debate, not making demands""

#AlterC…",Dec/10/2017,0.2732,0.095,0.0,0.905,10
311,fox,"If you’ve ever thought “wow, this is the most screwed up thing I’ve ever heard”, you’ll soon be surprised by anothe… https://t.co/I5zBp2bjWe",Dec/10/2017,-0.3804,0.075,0.138,0.788,11
312,fox,RT @scribblingfox: QUICK BEAUTY TIP FOR LADIES: Decrease fine lines and under eye bags by not doing emotional labor for men today.,Dec/09/2017,0.7086,0.237,0.054,0.71,12
313,fox,"RT @Una: Observations of my friends interviewing w/multiple offers:

Men be like: ""I got X offer from Y company, and I'm going to need you…",Dec/09/2017,0.6808,0.211,0.0,0.789,13
314,fox,@cesidio thank you! That’s very kind ?,Dec/09/2017,0.7569,0.619,0.0,0.381,14
315,fox,RT @EricaJoy: We have not been silent. You have not been listening.,Dec/08/2017,0.0,0.0,0.0,1.0,15
316,fox,"RT @marazepeda: Patreon has raised $100MM
Kickstarter has raised $10MM
The Business Model is The Message https://t.co/Kz0k5jI7zY https://t.…",Dec/08/2017,0.0,0.0,0.0,1.0,16
317,fox,RT @notwaldorf: Hot take: the major difference between junior and senior developers is the confidence that you know where to find the code…,Dec/08/2017,0.5106,0.13,0.0,0.87,17
318,fox,"@mikeal Agree. I definitely wouldn’t treat it as a wage. For me, it’s a small payoff for the work I have been doing… https://t.co/lAcuviGh5J",Dec/08/2017,0.7845,0.317,0.0,0.683,18
319,fox,"@mikeal Yeah, I agree it’s tricky, although I find it interesting to see the earnings spread because I did get an i… https://t.co/9mjqzbo0dB",Dec/08/2017,0.7003,0.296,0.064,0.64,19
320,fox,"Only 2% of Patreon creators who earn more than the federal minimum wage through the site, according to public earni… https://t.co/IAeu1BxABm",Dec/08/2017,0.0,0.0,0.0,1.0,20
321,fox,"RT @Sareh88: Communication is more important than the code you write.
Communication is more important than the code you write.
Communicatio…",Dec/08/2017,0.4915,0.181,0.0,0.819,21
322,fox,@MlleLicious I think I have to scale it back though. My technical career has been neglected for many reasons for to… https://t.co/e268NK1XJe,Dec/08/2017,-0.5267,0.0,0.152,0.848,22
323,fox,"A few months ago I was energised about a variety of D&amp;I initiatives of mine, now I’m just tired and Patreon is push… https://t.co/L3l8pw6PIv",Dec/07/2017,0.0516,0.124,0.116,0.76,23
324,fox,"Daily reminder: overthrow the patriarchy.

?",Dec/07/2017,0.0,0.0,0.0,1.0,24
325,fox,RT @kamilah: He has some damn nerve https://t.co/YjqDBMjIjG,Dec/07/2017,-0.4019,0.0,0.278,0.722,25
326,fox,RT @yassmin_a: I don’t know if it is my place to say this on a day of celebration... but those who enabled the kind of debate we saw should…,Dec/07/2017,0.0,0.0,0.0,1.0,26
327,fox,What a great day—same sex marriage bill passes in Australian parliament! ?????? https://t.co/O2abqYPwOL,Dec/07/2017,0.6588,0.285,0.0,0.715,27
328,fox,"RT @LailaLalami: Woman reports a predator anonymously.
""Anonymous accusations aren't credible!""
Woman reports under her name.
""She just wan…",Dec/07/2017,-0.3802,0.0,0.132,0.868,28
329,fox,"I too have encountered abusive, harassive CEOs, and the situation was the same—it’d be impossible to report without… https://t.co/I39d3fMbrG",Dec/07/2017,-0.6369,0.0,0.198,0.802,29
330,fox,"While I think this is a good thing, I also believe many whistleblowers were missed, especially those in the tech in… https://t.co/xk06TIegU1",Dec/07/2017,0.1779,0.131,0.1,0.769,30
331,fox,Time person of the year: women blowing the whistle on sexual harassment and abuse. https://t.co/Jw2tIDw3mH,Dec/07/2017,-0.8271,0.0,0.372,0.628,31
332,fox,"I don’t know about you, but I’m loving the reckoning abusive white men are facing right now. Their time is over.",Dec/07/2017,-0.1154,0.184,0.199,0.617,32
333,fox,"RT @kieczkowska: ? Dear Twitterverse ? 
I'm looking for an internship in cyber security or forensics for summer 2018 (am available June, Ju…",Dec/07/2017,0.6124,0.208,0.0,0.792,33
334,fox,"RT @ekp: I've been trying to figure out how to express my support for more activists, and @Luvvie had all the right words https://t.co/zR6T…",Dec/07/2017,0.4019,0.105,0.0,0.895,34
335,fox,The silence from @StartupVic only confirms the exclusionary ecosystem of Australian tech community “leaders”. https://t.co/koJDqJSz8Y,Dec/07/2017,0.0,0.0,0.0,1.0,35
336,fox,"RT @milanmoffatt: shortest type lesson on the internet: 
?? web type should be 60 characters in width max
? a general rule for line-height…",Dec/07/2017,0.0,0.0,0.0,1.0,36
337,fox,It’s saddening to see such significant fee changes in @patreon. It excludes patrons who are willing or can only aff… https://t.co/6hChADtrLR,Dec/07/2017,-0.34,0.075,0.133,0.792,37
338,fox,"RT @ashleyn1cole: The news: Men are starting to fear and question if their every little interaction will be seen as flirting. 
Me: Men are…",Dec/06/2017,-0.34,0.067,0.119,0.815,38
339,fox,"@karlbright naah, I love my cameras. Still use Canon + Fuji XT1 heavily, for “real” photography. I do want the X th… https://t.co/2IF1P3sq3q",Dec/06/2017,0.6705,0.244,0.0,0.756,39
340,fox,"@cramforce In this particular case, it’s a mixed approach with no transparency with the process that creates a prec… https://t.co/6IkuEkHgR1",Dec/06/2017,-0.0258,0.103,0.108,0.788,40
341,fox,"@superhighfives @benschwarz thanks Charlie, so nice of you my wrinkles already grew bigger ?",Dec/06/2017,0.7178,0.353,0.0,0.647,41
342,fox,"@cramforce I’m 100% fine with curated lineups, but I have a problem with lack of transparency and exclusionary tend… https://t.co/SmeCn2LYlH",Dec/06/2017,-0.7269,0.061,0.284,0.655,42
343,fox,@chelsea thank you ??,Dec/06/2017,0.3612,0.455,0.0,0.545,43
344,fox,@karlbright Canon EOS 6D. I’m still on an old iPhone 6 :),Dec/06/2017,0.4588,0.231,0.0,0.769,44
345,fox,"Turned 30 today.

? drove a convertible
? seen a wild koala
? had an amazing meal
? hiked a bunch

All thanks to… https://t.co/E7qhZ9u1VZ",Dec/05/2017,0.7717,0.295,0.0,0.705,45
346,fox,@ctrlaltjustine ?????,Dec/05/2017,0.0,0.0,0.0,1.0,46
347,fox,@SachaGreif hi at thefox.is,Dec/05/2017,0.0,0.0,0.0,1.0,47
348,fox,"@sailorhg You’ve made it, congratulations ??

I’ll never hear it no matter what I do ?",Dec/05/2017,0.7085,0.385,0.0,0.615,48
349,fox,"@cckate ? Thank you!

It was a list of diversity and inclusion activists I look up to. You can find it here :) https://t.co/EQ8D4HtcOj",Dec/04/2017,0.6996,0.234,0.0,0.766,49
350,fox,"I don’t trust events doing this unless there’s a very transparent process in place, establishing fairness and equal… https://t.co/M084AitSnK",Dec/04/2017,0.5106,0.171,0.0,0.829,50
351,fox,"Furthermore, when conferences invite the same people over and over, it perpetuates cliquey nature of the tech community. It’s exclusionary.",Dec/04/2017,0.1531,0.078,0.0,0.922,51
352,fox,"Secondly, how can anyone trust the selection process to be fair if initial choices were apparently made based on ma… https://t.co/5KyHkvNAUi",Dec/04/2017,0.6808,0.228,0.0,0.772,52
353,fox,"Firstly, showcasing a bunch of famous names doesn’t encourage underrepresented groups or anyone without prominence… https://t.co/ZywFPvKM3y",Dec/04/2017,0.5106,0.191,0.0,0.809,53
354,fox,Here’s a problem I have with conferences which announce partial lineups full of “prominent” speakers and run Call f… https://t.co/ifTro36ncs,Dec/04/2017,-0.4019,0.0,0.137,0.863,54
355,fox,"That makes me wonder. Are @startupvic supporters having those views as well, since nobody seems to be challenging t… https://t.co/qpAIX9iZPr",Dec/04/2017,0.6808,0.28,0.0,0.72,55
356,fox,".@StartupVic, care to explain why your chair endorses an article agreeing that James Damores’ manifesto was a produ… https://t.co/duyHb5CzKY",Dec/04/2017,0.7906,0.348,0.0,0.652,56
357,fox,"RT @Asher_Wolf: Why is the Chair of @StartUpVic tweeting an article that claims James Damore's memo was an attempt at a ""respectful and pro…",Dec/04/2017,0.4588,0.12,0.0,0.88,57
358,fox,A timely comment on abusive behaviours online: the Internet is great at remembering things in perpetuity.,Dec/04/2017,-0.0258,0.192,0.197,0.61,58
359,fox,RT @stephpalmeri: The Cost of Devaluing Women - must read from @SallieKrawcheck in the New York Times https://t.co/CdBJ8rHQT9,Dec/04/2017,0.0,0.0,0.0,1.0,59
360,fox,"RT @jensimmons: I think most men don’t realize the very act of a woman wanting a career, dreaming she should have one, and going off to mak…",Dec/04/2017,0.0,0.0,0.0,1.0,60
361,fox,"RT @triketora: Besides, I hate getting called out. It makes me feel bad. As an ally, I shouldn’t have to feel bad – because I’m an ally. Ge…",Dec/04/2017,-0.8934,0.0,0.327,0.673,61
362,fox,"@MylesBorins haha, no worries, happens to the best of us.

It’s just the sheer volume of proposals not following an… https://t.co/7KCHju3Xys",Dec/04/2017,0.4939,0.247,0.171,0.582,62
363,fox,"@IvanaMcConnell We have a gender free form field but it’s basically women, men, snarky men trying to be smart and a… https://t.co/iq5Fztx37F",Dec/04/2017,0.6908,0.231,0.0,0.769,63
364,fox,@IvanaMcConnell I might wrangle the data together to show the demographics. I think we only got ~20% of women apply… https://t.co/nnwwxYGs9M,Dec/03/2017,0.0,0.0,0.0,1.0,64
365,fox,"@tlakomy 1) disclosing identifying information (name, employer, project, website, etc.)
2) too long
3) ableisms and sexist language",Dec/03/2017,0.0,0.0,0.0,1.0,65
366,fox,"@IvanaMcConnell been reading them for 5+ hours, but I ruthlessly skip the ones that don’t follow the rules",Dec/03/2017,0.0,0.0,0.0,1.0,66
367,fox,"AKA a million ways most people don’t ever read and follow instructions, a musical. 

https://t.co/WMU5xqy5rP",Dec/03/2017,0.0,0.0,0.0,1.0,67
368,fox,"@dawnahukanna 9 for CSS, 16 for JSConf, so only a small fraction (there are much more proposals for JS too).

We no… https://t.co/vN0NM14ztp",Dec/03/2017,0.0,0.0,0.0,1.0,68
369,fox,See you all after reading 777 proposals for @cssconfau and @jsconfau ???,Dec/03/2017,0.0,0.0,0.0,1.0,69
370,fox,"@PreciselyAlyss ? wow, thank you! That’s very kind!",Dec/02/2017,0.8904,0.726,0.0,0.274,70
371,fox,“‘Newsworthiness’ is the new ‘Algorithms did it’. I can’t go on sharing the same space with Trump and Nazis. I am d… https://t.co/JF07fxsbj5,Dec/02/2017,0.4215,0.123,0.0,0.877,71
372,fox,Last few days of my 20s and I can feel the impending existential crisis ?  At least I still look fabulous! https://t.co/zosKaI7R5P,Dec/02/2017,-0.2481,0.137,0.177,0.686,72
373,fox,"@alexgoffey @goawaygeek omg, it’s on! ?",Dec/02/2017,0.0,0.0,0.0,1.0,73
374,fox,RT @triketora: super smart on behalf of conference organizers: require attendees to wear name tags even at afterparties (even if dorky) so…,Dec/02/2017,0.765,0.248,0.0,0.752,74
375,fox,Thank goodness it’s Friday as I desperately need the wine hour. https://t.co/m5OJf8fTfP,Dec/01/2017,0.4404,0.342,0.161,0.497,75
376,fox,@waferbaby @dgoodlad @samkottler dave is this the 200 dollar Christmas tree you got delivered,Dec/01/2017,0.0,0.0,0.0,1.0,76
377,fox,"@Mandy_Kerr A month to write, practice and put slides together. Working each afternoon mostly.",Dec/01/2017,0.0,0.0,0.0,1.0,77
378,fox,"@lara_hogan To be completely honest, I think one of the things that prevents me from launching more is the complexi… https://t.co/fyqNEE3DqH",Nov/30/2017,0.5984,0.214,0.0,0.786,78
379,fox,"RT @vdignum: Please endorse the Bechdel test for academic&amp;tech conferences:
1) two women speaking
2) in the same panel or session
3) not ab…",Nov/30/2017,0.5574,0.173,0.0,0.827,79
380,fox,"RT @everywhereist: I'm just a girl
standing in front of a boy
asking him to not whip his dick out
especially in work contexts
I mean, hones…",Nov/30/2017,0.4023,0.105,0.0,0.895,80
381,fox,"Truth bombs from a dictionary. 

“The silent acceptance of wrongdoing is how we’ve gotten to this point. We must no… https://t.co/qyMxAfOSvw",Nov/30/2017,0.6486,0.227,0.0,0.773,81
382,fox,RT @gesa: Holy shit https://t.co/JB4ppYfam1 is DONE FUCKING AROUND with your complicity. https://t.co/Splpxv8FEY,Nov/30/2017,-0.5574,0.0,0.231,0.769,82
383,fox,"RT @jilljubs: since women have been held to proving themselves competent for ages, men should now be held to proving that they arent comple…",Nov/30/2017,0.3182,0.091,0.0,0.909,83
384,fox,"Sure, profitability is important, but I want to see a continued commitment to supporting URMs. Are funds and startu… https://t.co/q7QNxhr63n",Nov/30/2017,0.8834,0.526,0.0,0.474,84
385,fox,What I’m interested in is how many of Startmate startups have founders and C-level execs who are members of underre… https://t.co/LAekzVj2a2,Nov/30/2017,0.4019,0.119,0.0,0.881,85
386,fox,"RT @yassmin_a: Or if you’re a founder w a disability, queer, poc or anything that isn’t ‘classic stereotype of startup person’... get on in…",Nov/30/2017,-0.3182,0.0,0.103,0.897,86
387,fox,"RT @sw: But let's keep talking about how the blockchain is going to revolutionise power structures and power dynamics, when 95%+ of its val…",Nov/30/2017,0.2732,0.084,0.0,0.916,87
388,fox,@brianleroux just you wait till the storms roll in,Nov/30/2017,0.0,0.0,0.0,1.0,88
389,fox,"A worrisome, but necessary read about gaslighting in relationships. https://t.co/f43zcNMxZC",Nov/30/2017,-0.2144,0.0,0.188,0.812,89
390,fox,@kylietimpani Fitzroy is staying real,Nov/30/2017,0.0,0.0,0.0,1.0,90
391,fox,RT @laraeparker: NO ONE GIVES A SHIT IF YOU HAD A POSITIVE EXPERIENCE WITH A DUDE WHO IS NOW BEING ACCUSED OF SEXUAL MISCONDUCT BY MULTIPLE…,Nov/30/2017,-0.7065,0.129,0.304,0.567,91
392,fox,"RT @kimbaheartsyou: @yassmin_a @StartupVic The Aus startup scene is a mess of bro culture, casual sexism and founders claiming that the onl…",Nov/30/2017,-0.1779,0.077,0.107,0.815,92
393,fox,I’m still laughing at this. https://t.co/c7Xw8Xso3C,Nov/30/2017,0.4939,0.39,0.0,0.61,93
394,fox,"RT @sailorhg: hey hey! if you're interested in some holiday shopping while supporting indie artists &amp; visiting our studio space, @byalicele…",Nov/30/2017,0.8221,0.323,0.0,0.677,94
395,fox,@taylor_atx @maxcell I gladly show these people the door to never participating in my events. At least they self se… https://t.co/ZWHQmrN74U,Nov/30/2017,0.34,0.112,0.0,0.888,95
396,fox,"@modernserf most cases they actually submit, I think",Nov/30/2017,0.0,0.0,0.0,1.0,96
397,fox,"RT @theinformation: Among the top 30 private, venture-backed tech companies, 50% still lack gender diversity, and 47% lack independent dire…",Nov/29/2017,-0.4215,0.077,0.197,0.726,97
398,fox,You can build a sustainable business without VC money or indulging in startup-bro culture.  ?? https://t.co/vAv6hv5ya2,Nov/29/2017,0.0,0.0,0.0,1.0,98
399,fox,One of the reasons why I’m not participating in Australian startup ecosystem is the culture of perpetuating structu… https://t.co/tG9kCca3I5,Nov/29/2017,0.0,0.0,0.0,1.0,99
400,nytimes,"RT @nytimesworld: The 9-month battle to drive ISIS out of Iraq's second-largest city left much of it in ruins. Now, Mosul residents are pul…",Dec/11/2017,-0.6705,0.0,0.2,0.8,0
401,nytimes,North Korean Submarine Missile Threat Prompts U.S.-Led Military Drills https://t.co/pvxa7YQ84D,Dec/11/2017,-0.5267,0.0,0.274,0.726,1
402,nytimes,"RT @nytimesworld: A LOT of Christmas spirit on a Sydney bus. And other tales of Australian transport, in this week's Australia Diary. https…",Dec/11/2017,0.1779,0.078,0.0,0.922,2
403,nytimes,"With only hours until the polls open in this unlikeliest of battleground states, Democrats are deploying a sprawlin… https://t.co/gSbRN4jced",Dec/11/2017,-0.4019,0.0,0.137,0.863,3
404,nytimes,"RT @NYTNational: “I think, so many accusations, so many cuts, so many drip, drip, drip. When it got to the 14-year-old’s story, that was en…",Dec/11/2017,-0.6195,0.0,0.18,0.82,4
405,nytimes,RT @NYTSports: Colin Kaepernick has accused the NFL of colluding to keep him off a team in retaliation for inspiring the wave of national a…,Dec/11/2017,-0.1531,0.099,0.156,0.745,5
406,nytimes,The best songs of 2017 https://t.co/bgIM0yW7hp,Dec/11/2017,0.6369,0.457,0.0,0.543,6
407,nytimes,"RT @NYTSports: Returning Eli Manning to the starting lineup restored some equilibrium, but what ails the Giants will take months, and maybe…",Dec/11/2017,0.1779,0.075,0.0,0.925,7
408,nytimes,"Ahead of Brexit, Paris Tries a Business Makeover https://t.co/3SPwgeo0mr",Dec/11/2017,0.0,0.0,0.0,1.0,8
409,nytimes,Volkswagen Chief Suggests Ending Subsidies for Diesel Cars https://t.co/0DBnEv04oW,Dec/11/2017,0.0,0.0,0.0,1.0,9
410,nytimes,Confused by all the news about Russia and the 2016 U.S. presidential election? We are here to help. https://t.co/vmuK2bn7Wa,Dec/11/2017,0.1027,0.123,0.105,0.773,10
411,nytimes,Your cat tattoo can have your actual cat in it https://t.co/wyrGCMsrld,Dec/11/2017,0.0,0.0,0.0,1.0,11
412,nytimes,RT @nytimesworld: Protests in Lebanon near U.S. embassy after Trump’s Jerusalem decision https://t.co/6QjgtAgUVj https://t.co/MVThAPnypJ,Dec/11/2017,-0.2263,0.0,0.128,0.872,12
413,nytimes,Horror films dominated the cultural conversation in 2017. So @nytmag asked the year's best actors to perform in a s… https://t.co/1zY2LD0VYi,Dec/11/2017,0.128,0.162,0.143,0.695,13
414,nytimes,RT @nytimesworld: London's Heathrow Airport was brought to a virtual halt on Sunday after a snowstorm swept through the region https://t.co…,Dec/11/2017,0.0,0.0,0.0,1.0,14
415,nytimes,"17 ways to celebrate the season in New York City, from the familiar (Rockettes!) to the far-out (Taylor Mac!) https://t.co/50cu9mc8bC",Dec/11/2017,0.6467,0.184,0.0,0.816,15
416,nytimes,9 ways to work better in 2018 https://t.co/LMKfNrcMVS,Dec/11/2017,0.4404,0.326,0.0,0.674,16
417,nytimes,A high-powered attorney died. His ex-wife investigated and found a web of drug abuse in his profession.… https://t.co/U9UP9O0Ryt,Dec/11/2017,-0.8316,0.0,0.358,0.642,17
418,nytimes,Op-Ed Columnist: Susan Collins and the Duping of Centrists https://t.co/sGjJ28NHxJ,Dec/11/2017,0.0,0.0,0.0,1.0,18
419,nytimes,"In a Blow to Hamas, Israel Destroys Tunnel From Gaza https://t.co/qvmAm1MCIY",Dec/11/2017,-0.5574,0.0,0.286,0.714,19
420,nytimes,"""Dark"" plays like a slower, artsier, more complicated take on ""Stranger Things,"" our critic writes https://t.co/mwFkGjnwjd",Dec/11/2017,0.34,0.242,0.113,0.645,20
421,nytimes,2017: The Year in New York https://t.co/oMSRlih8ib,Dec/11/2017,0.0,0.0,0.0,1.0,21
422,nytimes,President Trump called for a Washington Post reporter to be fired over a misleading tweet https://t.co/NLAYpP1rDI,Dec/11/2017,-0.743,0.0,0.344,0.656,22
423,nytimes,"Melting glaciers, wicked hot summers, water crises. These are the climate stories to read from this year. https://t.co/6tmy4MU3z0",Dec/11/2017,-0.5267,0.0,0.167,0.833,23
424,nytimes,A dying man had “do not resuscitate” tattooed on his chest. Doctors said it “produced more confusion than clarity.” https://t.co/d1C8KThhvB,Dec/11/2017,-0.3597,0.0,0.122,0.878,24
425,nytimes,The Look: After-School Special https://t.co/MDkn8XkFiy,Dec/11/2017,0.4019,0.403,0.0,0.597,25
426,nytimes,The risk can’t be ignored but isn’t as great as it may seem from a recent study https://t.co/VYh6cV0i4H,Dec/11/2017,0.6652,0.247,0.14,0.613,26
427,nytimes,Op-Ed Contributor: The Man Who Danced on the Heads of Snakes https://t.co/WBlhVk3eLq,Dec/11/2017,0.0,0.0,0.0,1.0,27
428,nytimes,The American ambassador to the UN said that the women who have accused Trump of sexual misconduct “should be heard” https://t.co/tgad1uL3Qp,Dec/10/2017,-0.296,0.0,0.099,0.901,28
429,nytimes,"Luke Skywalker’s lineage is a narrative backbone in ""Star Wars."" So it's natural to wonder: who are Rey's parents?… https://t.co/w9Mfts2iaA",Dec/10/2017,0.4173,0.134,0.0,0.866,29
430,nytimes,How ISIS Produced Its Cruel Arsenal on an Industrial Scale https://t.co/afprGpE6NB,Dec/10/2017,-0.5859,0.0,0.275,0.725,30
431,nytimes,"RT @nytopinion: Over the last 50 years or so, the rules about a woman’s place were shattered. I saw all this happen, and it knocks me out w…",Dec/10/2017,-0.4767,0.0,0.11,0.89,31
432,nytimes,"Porgs, Ewoks and Rathtars: A Field Guide to ‘Star Wars’ Creatures https://t.co/S6siGWTZYo",Dec/10/2017,0.0,0.0,0.0,1.0,32
433,nytimes,Boris Johnson leaves Tehran without a clear statement on imprisoned Brits and a tank dispute https://t.co/M9iwZQJbF4,Dec/10/2017,-0.7835,0.0,0.417,0.583,33
434,nytimes,An NYT reader's reaction to an article about President Trump’s daily fight for self-preservation… https://t.co/F705vf9Qoi,Dec/10/2017,-0.3818,0.0,0.157,0.843,34
435,nytimes,"“The Disaster Artist” had a very strong weekend, taking in $6.4 million in relatively limited release https://t.co/aqQ9xFGouJ",Dec/10/2017,-0.3415,0.159,0.266,0.575,35
436,nytimes,Louis C.K. will buy back the rights to his film after sexual misconduct allegations led to the movie’s shelving https://t.co/F92nFIGdzZ,Dec/10/2017,0.0,0.0,0.0,1.0,36
437,nytimes,"This ""Odyssey"" strips away formulaic language to let the characters take center stage https://t.co/EMx7fd4Q8S",Dec/10/2017,0.0,0.0,0.0,1.0,37
438,nytimes,Sometimes it’s hard to keep track of what’s arriving when. But we’re here to help. https://t.co/peCXk6zyrC,Dec/10/2017,0.3182,0.149,0.077,0.773,38
439,nytimes,"Alexandra Bell puts The New York Times under the microscope, and offers her own “counternarratives” of the news… https://t.co/kPDfkmDx1g",Dec/10/2017,0.0,0.0,0.0,1.0,39
440,nytimes,"“We were all born to die.” In our video, we follow a mother who fights her own personal demons as her son fights ca… https://t.co/s69owvxKdo",Dec/10/2017,-0.6597,0.0,0.197,0.803,40
441,nytimes,A tour of Los Angeles’s flourishing pot scene https://t.co/lzSpDtPJkq,Dec/10/2017,0.0,0.0,0.0,1.0,41
442,nytimes,"In a live TV remake of the holiday classic ""A Christmas Story,"" Jane Krakowski plays Ralphie's teacher https://t.co/r1s6lxmM05",Dec/10/2017,0.5719,0.239,0.0,0.761,42
443,nytimes,"As Alabama's Senate race winds down, residents are lamenting that policy issues didn't seize the spotlight https://t.co/5RaJtzyHAg",Dec/10/2017,-0.4588,0.0,0.158,0.842,43
444,nytimes,"The week’s top stories, and a look ahead https://t.co/zoAsvlH7W5",Dec/10/2017,0.2023,0.205,0.0,0.795,44
445,nytimes,RT @danielle_ivory: NEW: Confidential internal EPA documents obtained by the @nytimes show that a slowdown of enforcement coincides with po…,Dec/10/2017,0.0,0.0,0.0,1.0,45
446,nytimes,"RT @nytimesbooks: Did you love ""Brown Girl Dreaming""? @JackieWoodson will publish 2 new books for young readers next year. https://t.co/9jj…",Dec/10/2017,0.6369,0.189,0.0,0.811,46
447,nytimes,"Watching the ""Me, Too"" campaign, some particularly courageous Afghan women are more willing to talk about assaults https://t.co/Ws52CUJm2o",Dec/10/2017,0.0498,0.159,0.151,0.69,47
448,nytimes,"He's 22, she's 81, and their friendship is melting hearts. A forgotten war orphan. The weird pot scene in L.A. https://t.co/epDpoj7vEX",Dec/10/2017,-0.5574,0.11,0.284,0.606,48
449,nytimes,The risk can’t be ignored but isn’t as great as it may seem from a recent study https://t.co/M0Gfsl6tft,Dec/10/2017,0.6652,0.247,0.14,0.613,49
450,nytimes,The American ambassador to the UN said that the women who have accused Trump of sexual misconduct “should be heard” https://t.co/eN6Wg9hVRo,Dec/10/2017,-0.296,0.0,0.099,0.901,50
451,nytimes,“There is no place for anti-Semitism in our Swedish society. The perpetrators will answer for their crimes.” https://t.co/4MdjtivD9Z,Dec/10/2017,-0.4939,0.0,0.208,0.792,51
452,nytimes,Pick up the phone rather than relying on apps https://t.co/j2WY3UJNOs,Dec/10/2017,0.0,0.0,0.0,1.0,52
453,nytimes,The map was expected to sell for over $1 million but was withdrawn from a Christie's sale https://t.co/yfDF7nfIXE,Dec/10/2017,0.0,0.0,0.0,1.0,53
454,nytimes,Who are Rey's parents? The internet has theories. https://t.co/YnIOnS6jJX https://t.co/U4qIOOS7Rt,Dec/10/2017,0.0,0.0,0.0,1.0,54
455,nytimes,Watch: Ashley Iorio and David Sands met at the United States Naval Academy and were wed on Veterans Day #Daily360… https://t.co/zsM8BN4HxV,Dec/10/2017,0.4215,0.123,0.0,0.877,55
456,nytimes,"In an improbable turn of events, the sound of silence went viral https://t.co/oLYdOmma20",Dec/10/2017,0.0,0.0,0.0,1.0,56
457,nytimes,"How to know if an app is appropriate for children, or even educational https://t.co/4LqtR4iPFg",Dec/10/2017,0.0,0.0,0.0,1.0,57
458,nytimes,At center stage of what looked like a Nine Inch Nails concert was Taylor Swift https://t.co/ByBFKKZWg1,Dec/10/2017,0.5106,0.249,0.0,0.751,58
459,nytimes,"Senator Richard Shelby, a fixture of Republican politics in Alabama, said on national television that the party cou… https://t.co/zJePeEuBgO",Dec/10/2017,0.4019,0.137,0.0,0.863,59
460,nytimes,Opinion: It's been brutal for anyone who believes America’s public lands are best left in their natural state https://t.co/LzyFFs4u9h,Dec/10/2017,0.3818,0.25,0.153,0.597,60
461,nytimes,We’re interested in hearing from parents whose children faced a serious illness. We invite you to share your experi… https://t.co/U9UaNOtkNf,Dec/10/2017,0.3612,0.265,0.163,0.571,61
462,nytimes,"“They gave me 50/50, but we’ve changed it to 51/49, so that I have the upper hand."" https://t.co/WpJn4eejKV https://t.co/VZqrtaXUDY",Dec/10/2017,0.0,0.0,0.0,1.0,62
463,nytimes,President Trump called for a Washington Post reporter to be fired over a misleading tweet https://t.co/60rquXrO18,Dec/10/2017,-0.743,0.0,0.344,0.656,63
464,nytimes,Thousands of protesters chanted slogans against Trump’s decision to recognize Jerusalem as the capital of Israel https://t.co/icMzSfgJ0k,Dec/10/2017,-0.2263,0.0,0.106,0.894,64
465,nytimes,Rising incomes allow China’s retirees to enjoy a retirement that would have been unthinkable for their parents https://t.co/w4gBshsfmM,Dec/10/2017,0.6249,0.254,0.0,0.746,65
466,nytimes,RT @EricLiptonNYT: There's widespread evidence that the Trump admin has been rolling back federal regulations. How about enforcement target…,Dec/10/2017,0.0,0.0,0.0,1.0,66
467,nytimes,@lucasgrindley We lost that challenge. Sorry about the error. Thanks for catching it! https://t.co/sZeNajXoe4,Dec/10/2017,-0.3382,0.212,0.333,0.455,67
468,nytimes,The EPA under President Trump has slowed down efforts to punish polluters https://t.co/R1s7qP5oTR,Dec/10/2017,-0.7506,0.0,0.368,0.632,68
469,nytimes,@AnonyMs_One Thanks for alerting us to the error. Sorry about that! https://t.co/sZeNajXoe4,Dec/10/2017,-0.1007,0.179,0.265,0.556,69
470,nytimes,"Modern Love: What 9 years of therapy and ""open"" Scrabble taught her about love https://t.co/qAJC03ajuk (Correction:… https://t.co/SepmMvhYqT",Dec/10/2017,0.8555,0.375,0.0,0.625,70
471,nytimes,Max Clifford was serving an 8-year sentence for sexual offenses against victims as young as 15 https://t.co/XqLWWte10z,Dec/10/2017,-0.5423,0.065,0.239,0.697,71
472,nytimes,Your cat tattoo can have your actual cat in it https://t.co/4pxWo0GJ4F,Dec/10/2017,0.0,0.0,0.0,1.0,72
473,nytimes,"We interviewed members of 7 families who have spoken to parents, grandparents, sons or daughters about sexual assau… https://t.co/RGe2KNXXEI",Dec/10/2017,0.0,0.0,0.0,1.0,73
474,nytimes,"In most places, a dollar is a dollar. But in the tax plan, the amount you make may be less important than how you m… https://t.co/Zx7pr7K69P",Dec/10/2017,0.1298,0.061,0.0,0.939,74
475,nytimes,"Ojai is a picturesque town known for healthy, spiritual living. The California fires have disrupted that. https://t.co/bPYRgMz3es",Dec/10/2017,0.6486,0.275,0.0,0.725,75
476,nytimes,Some consumers are finding they can get a better deal on prescription drugs by leaving their insurance cards at home https://t.co/qK3Wrewxyp,Dec/10/2017,0.4404,0.132,0.0,0.868,76
477,nytimes,"The Stone: For Veterans, a Path to Healing ‘Moral Injury’ https://t.co/69S0AXL1cF",Dec/10/2017,0.0,0.0,0.0,1.0,77
478,nytimes,"Trump sees the presidency as a prize he must fight to protect every waking moment, and Twitter is his Excalibur… https://t.co/6aEvx25mLU",Dec/10/2017,0.5106,0.231,0.102,0.667,78
479,nytimes,"Jerusalem is not just its postcard vistas. The day-in, day-out friction can be draining. https://t.co/kQqIbm7cqC",Dec/10/2017,0.0,0.0,0.0,1.0,79
480,nytimes,"“Please do not shoot me"": Newly released body camera footage shows a police officer shooting an unarmed man in Ariz… https://t.co/gN14S1iQu1",Dec/10/2017,0.2584,0.097,0.0,0.903,80
481,nytimes,Protests in Lebanon Near U.S. Embassy After Trump’s Jerusalem Decision https://t.co/rhTl1as2l0,Dec/10/2017,-0.2263,0.0,0.16,0.84,81
482,nytimes,"92 Somali citizens were flown out of the U.S. under orders of deportation, but their plane never made it to Somalia https://t.co/o0dc6Jm9A2",Dec/10/2017,0.0,0.0,0.0,1.0,82
483,nytimes,"What Trump’s decision to recognize Jerusalem as Israel’s capital means for the city, the conflict and the world https://t.co/TMzXarFvfL",Dec/10/2017,-0.3182,0.0,0.113,0.887,83
484,nytimes,Janet Yellen Didn’t Set Out to Be a Feminist Hero https://t.co/ZBBXFKq6qG,Dec/10/2017,0.5574,0.286,0.0,0.714,84
485,nytimes,"How Luke Bryan and Blake Shelton, 2 of Nashville’s biggest stars, are adapting to country’s new ways https://t.co/v9ZM6v9Rqr",Dec/10/2017,0.0,0.0,0.0,1.0,85
486,nytimes,She survived a brain tumor at age 4. It was just the start of her fight. https://t.co/JmOzuWU2wz,Dec/10/2017,-0.2263,0.153,0.242,0.605,86
487,nytimes,A new way of measuring school performance turns up some unexpected winners https://t.co/gU9YlIGWja,Dec/10/2017,0.4767,0.22,0.0,0.78,87
488,nytimes,"The Power of Touch, Especially for Men https://t.co/ZM0Vsniy2Z",Dec/10/2017,0.0,0.0,0.0,1.0,88
489,nytimes,"After the death of a young son, can a long road trip help a family to heal? https://t.co/PqFvd8sU6r",Dec/10/2017,-0.296,0.138,0.199,0.663,89
490,nytimes,"Tens of thousands of people said goodbye and ""Merci, Johnny"" to the French rocker Johnny Hallyday in Paris https://t.co/NIAg0tdWJa",Dec/10/2017,0.0,0.0,0.0,1.0,90
491,nytimes,"‘S.N.L.,’ Santa and James Franco Relentlessly Tackle Sexual Harassment https://t.co/kgdLeYncPO",Dec/10/2017,-0.5423,0.0,0.28,0.72,91
492,nytimes,"""To me, the college send-off was not a blues for Chloe. It was a celebration."" https://t.co/btkS6LZCJt",Dec/10/2017,0.0,0.0,0.0,1.0,92
493,nytimes,He defected from North Korea more than 3 decades ago. So why won't the South accept him? https://t.co/ojIaNT0KB1,Dec/10/2017,-0.5972,0.0,0.246,0.754,93
494,nytimes,"Ruby Rose has a whole closet dedicated to skin and hair care. ""I consider this all self-care,"" she said. https://t.co/mGUBF2B6h9",Dec/10/2017,0.7351,0.267,0.0,0.733,94
495,nytimes,"Actually, you do want to know how this sausage gets made https://t.co/SDmBZBmDkJ via @NYTScience",Dec/10/2017,0.0772,0.091,0.0,0.909,95
496,nytimes,8 ways to have a better relationship in 2018 https://t.co/VlRuKBEKvC,Dec/10/2017,0.4404,0.293,0.0,0.707,96
497,nytimes,An algorithm analyzed 52 million dolphin clicks. It found 7 distinct types of sounds. https://t.co/noyluyBGrH,Dec/10/2017,0.0,0.0,0.0,1.0,97
498,nytimes,Older Venezuelans who have migrated say that arguably the biggest hardship is starting over in their sunset years https://t.co/Z9RfqIqtuH,Dec/10/2017,-0.5106,0.0,0.202,0.798,98
499,nytimes,How to use an Instant Pot https://t.co/1nJIGi8N8Y https://t.co/C2Ic2vzmmg,Dec/10/2017,0.0,0.0,0.0,1.0,99
